id,timestamp,symbol,signal,probability,confidence,price,features_json,executed
1,2025-11-03 21:56:21.536715,PAXG/USDT,b'\x01\x00\x00\x00\x00\x00\x00\x00',0.9998561646626978,HIGH,4020.8,"[[0.0, 0.0, 53.96849264285123, 2.1232200080035, 62.1837870324421, 2.1232200080035, 1.0116515663176786, 69.25615435795096, 67.77126546535062, 0.14196408557696216, 0.4848303093917261, 20.90000000000009, 0.0029038988118036697, 0.0035184778786482955, 0.007386589733386458, 0.0, 1.0, 0.34204768231518595, -12.572621, 6.2106098377140855, 0.0054199875851016245, 1.0, 0.0, 0.0, 0.0]]",0
2,2025-11-03 22:06:06.977577,PAXG/USDT,b'\x01\x00\x00\x00\x00\x00\x00\x00',0.9998562489391114,HIGH,4020.0,"[[0.0, 1.0, 54.319361186731285, 2.706226127832906, 61.220784996984094, 2.706226127832906, 1.2751373891666895, 77.71180328418751, 68.66729659262262, 0.1070797121298872, 0.3569912874154424, 16.09999999999991, 0.0024579220191101093, 0.0032003289558011194, 0.006840796019900498, 0.0009452736318408413, 1.0, 0.6928639291507117, -12.801729, 6.076158240082673, 0.005884660025088034, 1.0, 0.0, 0.0, 100.0]]",0
3,2025-11-03 22:10:18.389683,PAXG/USDT,b'\x01\x00\x00\x00\x00\x00\x00\x00',0.9998562489391114,HIGH,4022.0,"[[0.0, 1.0, 54.86175848841396, 2.8657702873774724, 63.0699106107709, 2.8657702873774724, 1.4027727168023425, 80.51292373236676, 69.60100340868236, 0.156884229399612, 0.40692013880221367, 18.09999999999991, 0.0029111857404570795, 0.0036797888425250465, 0.007334659373446047, 0.00044753853804082097, 1.0, 0.6954996853061193, -9.623767, 6.076158240082673, 0.006125555071931172, 1.0, 0.0, 0.0, 0.0]]",0
4,2025-11-03 22:25:19.237280,PAXG/USDT,b'\x01\x00\x00\x00\x00\x00\x00\x00',0.9998568623587324,HIGH,4015.4,"[[0.0, 1.0, 52.7193158502209, 3.072425396323979, 54.74047829230317, 3.072425396323979, 1.2496813968671792, 87.2000000000001, 79.8300288312265, 0.13965783829616996, 0.18463073852295064, 12.800000000000182, 0.001088376642027703, 0.0019331336020249564, 0.00570304328335909, 0.0023907954375653505, 1.0, 1.3464976606235493, -16.32813399999999, 6.385747690743811, 0.006304831952638171, 1.0, 0.0, 0.0, 0.0]]",0
5,2025-11-03 22:32:41.987401,PAXG/USDT,b'\x01\x00\x00\x00\x00\x00\x00\x00',0.9997753400794622,HIGH,4007.3,"[[0.0, 0.0, 50.64424817235877, 1.8483707989080358, 48.29532624550214, 1.8483707989080358, 0.128001079061558, 52.400000000000226, 70.47797737857623, -0.0024953835404462055, -0.1868088074125751, 3.900000000000091, -0.0006734952475425335, 1.9093325295928843e-06, 0.0032690340129265, 0.004416939086167698, 0.0, 0.1860347254012967, -16.416275000000006, 6.850989537751917, 0.006053580849960139, 2.0, 100.0, 0.0, 100.0]]",0
6,2025-11-03 22:47:41.892673,PAXG/USDT,b'\x01\x00\x00\x00\x00\x00\x00\x00',0.9998735314715729,HIGH,4014.5,"[[0.0, 0.0, 52.172641668262656, 2.5221058547781467, 53.24447899116831, 2.5221058547781467, 0.526571416431916, 50.400000000000226, 63.600000000000186, 0.15717778553965278, 0.07478499314470533, 8.599999999999909, 0.0008342893435532236, 0.0016505562574665375, 0.00505666957279865, 0.0026155187445510027, 1.0, 0.10797284350464041, -8.765209000000004, 7.192493993728054, 0.0059595379191105455, 2.0, 0.0, 0.0, 0.0]]",0
7,2025-11-03 23:02:42.346297,PAXG/USDT,b'\x01\x00\x00\x00\x00\x00\x00\x00',0.9997638593879281,HIGH,4006.0,"[[0.0, 0.0, 50.07840470453986, 1.084875574412763, 47.76131243963591, 1.084875574412763, -0.5844902348677823, 33.99999999999998, 44.57777777777784, -0.3680859530441727, -0.22664441732459517, 4.599999999999909, -0.0009354961894728332, -0.0003337127184523355, 0.0014977533699450823, 0.004742885671492761, 1.0, 0.19980425173833433, -11.390804999999983, 7.6026234758837585, 0.005920644231577217, 2.0, 0.0, 0.0, 0.0]]",0
8,2025-11-03 23:17:42.883252,PAXG/USDT,b'\x01\x00\x00\x00\x00\x00\x00\x00',0.9997638593879281,HIGH,3996.2,"[[0.0, 0.0, 48.04393119276993, -0.4245419383855733, 41.72274824449949, -0.4245419383855733, -1.6141971329846512, 6.923223360490058, 23.410947092934524, -0.7155279503105683, -0.48559404337973344, -9.5, -0.0029745678821120926, -0.0026139521748277167, 0.00015014263550370578, 0.007206846504179016, 1.0, 0.8396192123682995, -26.220439999999982, 7.773579673441401, 0.007262294460193649, 2.0, 0.0, 0.0, 0.0]]",0
9,2025-11-03 23:32:43.093658,PAXG/USDT,b'\x01\x00\x00\x00\x00\x00\x00\x00',0.9997608740806668,HIGH,3992.9,"[[0.0, 0.0, 47.45297763460347, -1.6148706462145128, 39.90689066098039, -1.6148706462145128, -2.233626766234757, 5.9528601566478985, 14.413193551950476, -0.35188420264536946, -0.4214674048581002, -15.099999999999909, -0.0034373888021988516, -0.0032844515275766684, 0.00022540008515116604, 0.008039269703724088, 1.0, 0.09744548175980357, -37.06448499999998, 7.681118806323081, 0.00858649380124689, 2.0, 0.0, 0.0, 100.0]]",0
10,2025-11-03 23:47:43.570591,PAXG/USDT,b'\x01\x00\x00\x00\x00\x00\x00\x00',0.9997608740806668,HIGH,3997.9,"[[0.0, 0.0, 48.4877272374507, -1.7290100741388414, 43.35549734389732, -1.7290100741388414, -1.9513074105385098, 15.6937472888393, 12.2382063724287, -0.4581331075865891, -0.237061436342767, -16.90000000000009, -0.002108182415554038, -0.0020047135507223006, 0.001475774781760447, 0.006778558743340231, 1.0, 0.1211947189617435, -33.793995999999986, 7.427529747088899, 0.008369081588754058, 2.0, 0.0, 0.0, 100.0]]",0
11,2025-11-04 00:02:43.960459,PAXG/USDT,b'\x01\x00\x00\x00\x00\x00\x00\x00',0.9997715030554543,HIGH,4002.9,"[[0.0, 0.0, 49.747779801742716, -1.4787627982141203, 47.08004574047092, -1.4787627982141203, -1.418826051754465, 28.181818181818254, 20.043818643445192, -0.007494004796160247, -0.13222893069207986, -8.599999999999909, -0.0008747729812425473, -0.0007595896882991079, 0.002723025806290462, 0.005520997276974171, 1.0, 0.0007810660281022408, -28.91126999999998, 7.270465714455226, 0.008165516098391896, 1.0, 0.0, 0.0, 100.0]]",0
12,2025-11-04 00:07:03.177534,PAXG/USDT,b'\x01\x00\x00\x00\x00\x00\x00\x00',0.99978493911718,HIGH,4001.8,"[[0.0, 0.0, 49.49738226958155, -1.56651208596395, 46.28658143762459, -1.56651208596395, -1.489025481954329, 27.070707070707233, 19.673448273074854, -0.034972022382084855, -0.1596726710243912, -9.699999999999818, -0.001124401392843748, -0.00102342442742352, 0.0024488979959018894, 0.005797391173971667, 1.0, 0.09988844881234578, -29.36677999999998, 7.31046571445522, 0.008221040621202224, 1.0, 0.0, 0.0, 0.0]]",0
13,2025-11-04 00:22:04.370377,PAXG/USDT,b'\x01\x00\x00\x00\x00\x00\x00\x00',0.9998905485530102,HIGH,4006.1,"[[0.0, 0.0, 50.449828876009065, -1.2795189802059213, 49.59127262463276, -1.2795189802059213, -0.9786604674856818, 35.95959595959585, 28.19421205924266, 0.12246326102169913, -0.365598885793883, -9.0, -7.325838374694237e-05, 4.199503304773248e-05, 0.0035196325603454506, 0.0047178053468460825, 1.0, 0.12231884495897109, -27.419782999999985, 7.27461633558159, 0.007988317792385919, 1.0, 0.0, 0.0, 0.0]]",0
14,2025-11-04 00:37:04.888236,PAXG/USDT,b'\x01\x00\x00\x00\x00\x00\x00\x00',0.9997925995577114,HIGH,4001.4,"[[0.0, 0.0, 49.201380354864966, -1.503407526078263, 46.10505076984293, -1.503407526078263, -0.9598920009053136, 34.84848484848483, 33.03030303030298, 0.15017269860340132, -0.586335403726701, -14.299999999999727, -0.0011311325602077445, -0.001077683938800685, 0.0023491777877743016, 0.005897935722497103, 1.0, 0.05389172772383734, -27.59055299999998, 7.12943779409975, 0.007869681265383174, 1.0, 0.0, 0.0, 100.0]]",0
15,2025-11-04 00:52:05.180878,PAXG/USDT,b'\x01\x00\x00\x00\x00\x00\x00\x00',0.9998329998587673,HIGH,4001.5,"[[0.0, 0.0, 49.68916460576448, -1.6408699670250826, 46.17877943524858, -1.6408699670250826, -0.8789677980301067, 33.333333333333314, 34.71380471380466, 0.0725253838843587, -0.1372597953581245, -8.300000000000182, -0.0010077445866691695, -0.001000353433848585, 0.0023741097088591776, 0.005872797700862176, 1.0, 0.02586455153887743, -28.620459999999976, 6.653643133534004, 0.007945088025657342, 1.0, 0.0, 0.0, 100.0]]",0
16,2025-11-04 01:07:05.520782,PAXG/USDT,b'\x01\x00\x00\x00\x00\x00\x00\x00',0.9998034629315979,HIGH,3999.9,"[[0.0, 0.0, 49.42614613531816, -1.8102040292442325, 45.02181072879547, -1.8102040292442325, -0.8475838646865235, 28.080808080808243, 32.424242424242465, -0.06246252248650608, -0.408336030675005, -7.5, -0.0012979616782968274, -0.001340564555656271, 0.0019750493762344286, 0.0062751568789219505, 1.0, 0.09230306557005814, -28.976941999999983, 6.432852548130572, 0.008077632867234476, 1.0, 0.0, 0.0, 0.0]]",0
17,2025-11-04 01:22:05.899325,PAXG/USDT,b'\x01\x00\x00\x00\x00\x00\x00\x00',0.9998002432212143,HIGH,3998.7,"[[0.0, 0.0, 49.240825096212475, -2.1544871691608023, 44.17748008633573, -2.1544871691608023, -0.9344960389064365, 23.93939393939374, 28.31649831649827, -0.10991481601758668, -0.11241007194244812, -9.5, -0.0014257540132538037, -0.0015536420573345026, 0.0016755445519793478, 0.006577137569710202, 1.0, 0.01772315087625422, -29.07349399999998, 6.097865410554797, 0.008320973540722773, 1.0, 0.0, 0.0, 100.0]]",0
18,2025-11-04 01:37:05.879229,PAXG/USDT,b'\x01\x00\x00\x00\x00\x00\x00\x00',0.9997732896136328,HIGH,4002.2,"[[0.0, 0.0, 50.179998825361025, -2.2252649085808116, 47.97941461112972, -2.2252649085808116, -0.7622817811132585, 21.26666021234657, 22.981142629704678, -0.09485771342986338, 0.02499250224932137, -18.600000000000364, -0.00043968734118771374, -0.0006134443018419054, 0.002548598270950932, 0.00569686672330223, 1.0, 0.18741814759385259, -29.08606999999999, 6.37853597145767, 0.007432406481691564, 1.0, 0.0, 0.0, 0.0]]",0
19,2025-11-04 01:52:06.276637,PAXG/USDT,b'\x01\x00\x00\x00\x00\x00\x00\x00',0.9998344605424416,HIGH,4001.6,"[[0.0, 0.0, 49.999922112006566, -2.121982979313998, 47.487531158335955, -2.121982979313998, -0.5227075379183304, 27.6622215528848, 23.243825467230575, 0.0024990628514354185, 0.1551784552235036, -23.40000000000009, -0.0005339614048831153, -0.0007227516171236952, 0.002399040383846439, 0.005847660935625772, 1.0, 0.16105720363592557, -29.62970999999999, 5.992767929740774, 0.00485621252225876, 1.0, 0.0, 0.0, 100.0]]",0
20,2025-11-04 02:07:06.894011,PAXG/USDT,b'\x01\x00\x00\x00\x00\x00\x00\x00',0.9998173360664648,HIGH,3994.0,"[[0.0, 0.0, 48.46912990950443, -2.6044919554051376, 41.66982330661007, -2.6044919554051376, -0.8041166351508264, 28.283517713633938, 25.7934172095773, -0.2098740755546724, -0.11504026409242529, -13.0, -0.0022157214981282643, -0.0025091855853748082, 0.0007761642463695315, 0.007761642463695543, 1.0, 0.5815148588122052, -32.249170999999976, 6.506557717229905, 0.005102463377353305, 1.0, 0.0, 0.0, 0.0]]",0
21,2025-11-04 02:22:07.338838,PAXG/USDT,b'\x01\x00\x00\x00\x00\x00\x00\x00',0.999863371961179,HIGH,3999.3,"[[0.0, 0.0, 49.665324512577946, -2.3826808737039755, 46.12094295289509, -2.3826808737039755, -0.49648619729051235, 37.922651094954, 32.52276624375622, 0.0175061271445065, -0.07745352788326443, -17.0, -0.0008644219229146095, -0.001152468821590544, 0.0021003675643237792, 0.006426124571800019, 1.0, 0.08050577757818178, -32.42128299999998, 6.306312489151321, 0.0029454491712459893, 1.0, 0.0, 0.0, 0.0]]",0
22,2025-11-04 02:37:07.775836,PAXG/USDT,b'\x01\x00\x00\x00\x00\x00\x00\x00',0.9998709981856742,HIGH,3997.9,"[[0.0, 0.0, 49.351010725256714, -2.540260966189635, 44.788185517699524, -2.540260966189635, -0.505619083379639, 36.90184022664851, 34.56842871808414, 0.05505918862778181, -0.1298993280207772, -5.299999999999727, -0.0010751424206455799, -0.0014206545455669039, 0.0017509192325971135, 0.006778558743340231, 1.0, 0.0, -32.12479899999998, 5.892326108566279, 0.002970058442144504, 1.0, 0.0, 0.0, 100.0]]",0
23,2025-11-04 02:52:08.097967,PAXG/USDT,b'\x01\x00\x00\x00\x00\x00\x00\x00',0.9998326240324196,HIGH,3999.5,"[[0.0, 0.0, 49.56195333358747, -2.510979074142142, 46.8271226163502, -2.510979074142142, -0.3634403681332281, 44.86036838978049, 37.86286767563026, -0.06496589290622135, -0.16225661507738298, -1.699999999999818, -0.0005831867163646128, -0.0009560066507775949, 0.002150268783597927, 0.006375796974621828, 1.0, 0.32366189970804854, -31.625115999999984, 5.844910405672483, 0.003049837533181231, 1.0, 0.0, 100.0, 0.0]]",0
24,2025-11-04 03:07:08.466313,PAXG/USDT,b'\x01\x00\x00\x00\x00\x00\x00\x00',0.9998918227452422,HIGH,4006.9,"[[0.0, 0.0, 51.169444343271245, -1.6093215141686414, 53.58748291799029, -1.6093215141686414, 0.39515548369945197, 69.93464052287585, 51.43707607475727, 0.12744265080713024, 0.13494939397726835, 11.5, 0.0010948228648809033, 0.0008448089006361637, 0.003993111882003544, 0.004092939679053655, 1.0, 0.33625729340149196, -30.98521899999999, 5.9615273572527485, 0.0032744660817164224, 1.0, 0.0, 0.0, 0.0]]",0
25,2025-11-04 03:22:08.844658,PAXG/USDT,b'\x01\x00\x00\x00\x00\x00\x00\x00',0.9998918227452422,HIGH,4008.7,"[[0.0, 0.0, 51.553249294972126, -1.0871767493681546, 55.29221010953821, -1.0871767493681546, 0.7685942114559263, 85.2437363834419, 66.62647719020252, 0.3027573437421882, 0.15740555666599043, 10.099999999999909, 0.0014638039801422751, 0.0012855724783908155, 0.004440342255594015, 0.0018958764686807105, 1.0, 0.3235314664219508, -31.811983999999985, 5.87778375571455, 0.00353768207032672, 1.0, 0.0, 0.0, 0.0]]",0
26,2025-11-04 03:37:09.194888,PAXG/USDT,b'\x01\x00\x00\x00\x00\x00\x00\x00',0.9998451245587999,HIGH,4004.0,"[[0.0, 0.0, 50.30575479856832, -1.0014738626746293, 50.81432887503199, -1.0014738626746293, 0.7114289949281802, 80.84971910112404, 75.22643774530216, 0.15258010455487803, 0.1350472665432978, 1.599999999999909, 0.00031072754014334, 0.00014189438133096742, 0.003271728271728249, 0.0030469530469530016, 1.0, 0.5101620563336559, -32.12861199999998, 5.6456003186985955, 0.003316970967473821, 1.0, 0.0, 0.0, 0.0]]",0
27,2025-11-04 03:52:09.200174,PAXG/USDT,b'\x01\x00\x00\x00\x00\x00\x00\x00',0.9998485199614878,HIGH,4004.7,"[[0.0, 0.0, 50.65055366455945, -0.7409637299551832, 51.53656737953899, -0.7409637299551832, 0.7791647828582087, 78.83895131086159, 80.02116431258322, 0.20768691822639074, 0.2252421352954448, 1.599999999999909, 0.00044768724552993227, 0.000317181932801831, 0.003445951007566042, 0.0009988263790046696, 1.0, 1.0512023351421775, -31.522935999999984, 5.428138303360601, 0.003384659069950593, 1.0, 0.0, 0.0, 0.0]]",0
28,2025-11-04 04:07:10.005259,PAXG/USDT,b'\x01\x00\x00\x00\x00\x00\x00\x00',0.9998433022383262,HIGH,4005.1,"[[0.0, 0.0, 50.729747536746615, -0.42733481701998244, 51.86591864037149, -0.42733481701998244, 0.8606861042673362, 77.9026217228466, 79.50920724094907, 0.07246014691919545, 0.07496064566103744, -0.900000000000091, 0.0004813733200196716, 0.0004018653170893168, 0.003545479513620089, 0.000898853961199448, 1.0, 0.4135909975132622, -31.292842999999984, 5.375347605669395, 0.0033692369538607754, 1.0, 0.0, 0.0, 0.0]]",0
29,2025-11-04 04:22:10.367866,PAXG/USDT,b'\x01\x00\x00\x00\x00\x00\x00\x00',0.9998809884930726,HIGH,3998.7,"[[0.0, 0.0, 49.329390356054866, -1.0573598990522441, 45.48692761301225, -1.0573598990522441, 0.24782453758601464, 58.801498127341034, 69.10112359550598, -0.13236763236763593, -0.07746514068670551, -2.800000000000182, -0.0009085566700296426, -0.0010910417153789142, 0.0019506339560356435, 0.002500812764148348, 1.0, 0.34703662087215403, -31.662988999999985, 5.235609684920772, 0.0032733832929234498, 1.0, 0.0, 0.0, 0.0]]",0
30,2025-11-04 04:37:10.345718,PAXG/USDT,b'\x01\x00\x00\x00\x00\x00\x00\x00',0.9998693869041122,HIGH,3997.6,"[[0.0, 0.0, 49.41889258344762, -1.3015766041280585, 44.41547716023777, -1.3015766041280585, 0.00015393159329635253, 44.00749063670393, 56.99126092384532, -0.21964856230032304, 0.025021268077862757, -4.800000000000182, -0.0010758191845660664, -0.001300999669319019, 0.0016760056033619717, 0.002776665999599737, 1.0, 0.08856189948124328, -31.672159999999998, 5.0535952799869, 0.0033349647500949893, 1.0, 0.0, 0.0, 0.0]]",0
31,2025-11-04 04:52:11.076420,PAXG/USDT,b'\x01\x00\x00\x00\x00\x00\x00\x00',0.999870370848312,HIGH,3996.6,"[[0.0, 0.0, 49.218423584181295, -1.5702156932220532, 43.424058557363956, -1.5702156932220532, -0.21449531110222364, 37.45318352059896, 46.62921348314609, -0.17733596423308295, -0.03251707146252336, -2.0, -0.0012011428185952542, -0.0014885956531066262, 0.0014262122804383271, 0.003027573437421786, 1.0, 0.1537515814448377, -31.968576999999996, 4.811063133602511, 0.0034563956472749347, 1.0, 0.0, 0.0, 0.0]]",0
32,2025-11-04 05:07:11.081510,PAXG/USDT,b'\x01\x00\x00\x00\x00\x00\x00\x00',0.9998612432151069,HIGH,3998.7,"[[0.0, 0.0, 49.53136714881401, -1.4340417875837375, 45.866445504457204, -1.4340417875837375, -0.09636313396686247, 41.94756554307111, 42.50936329588017, -0.1697665709649243, 0.05755179661695031, 3.0, -0.0006643411551752585, -0.0009561094019285389, 0.0019506339560356435, 0.002500812764148348, 1.0, 0.182034495199975, -31.553716999999995, 4.57338186319188, 0.0031235352132779914, 1.0, 0.0, 0.0, 100.0]]",0
33,2025-11-04 05:22:11.807133,PAXG/USDT,b'\x01\x00\x00\x00\x00\x00\x00\x00',0.9998740940940555,HIGH,3998.7,"[[0.0, 0.0, 49.57494527562185, -1.7254846195382925, 46.90917504671572, -1.7254846195382925, -0.2584303887878534, 36.329588014981134, 37.39076154806498, -0.030000750018754907, -0.08745190145420523, -3.400000000000091, -0.0005150706546501881, -0.0008812915349860367, 0.0019506339560356435, 0.002500812764148348, 1.0, 1.390747845986655, -30.99266799999999, 4.82410835219697, 0.0034636564219302224, 1.0, 0.0, 0.0, 0.0]]",0
34,2025-11-04 05:37:11.776204,PAXG/USDT,b'\x01\x00\x00\x00\x00\x00\x00\x00',0.9999140983906518,HIGH,3999.8,"[[0.0, 0.0, 49.81992923484964, -1.50948993923339, 48.11053768857915, -1.50948993923339, -0.05111545374016346, 35.80838637018508, 36.03101018831419, 0.02750894040564056, -0.10489510489509746, -2.0, -0.00024088810933184314, -0.0005987736475287037, 0.0022251112555628006, 0.002225111255562687, 1.0, 0.0, -28.94016199999999, 4.5724271264349, 0.003419233791166418, 1.0, 0.0, 0.0, 100.0]]",0
35,2025-11-04 05:52:12.381218,PAXG/USDT,b'\x01\x00\x00\x00\x00\x00\x00\x00',0.9999122341543452,HIGH,3998.5,"[[0.0, 0.0, 49.53166912292175, -1.6994144980308192, 47.18024173995795, -1.6994144980308192, -0.15253196889883647, 31.11888111888138, 32.54149096845768, 0.02751788662629373, -0.19718450479233596, 1.900000000000091, -0.0004461581162228372, -0.0008606397735821466, 0.00190071276728771, 0.0025509566087282276, 1.0, 0.9081916142353782, -29.174955999999984, 4.7135084276707495, 0.003449272536251961, 1.0, 0.0, 0.0, 0.0]]",0
36,2025-11-04 06:07:12.502298,PAXG/USDT,b'\x01\x00\x00\x00\x00\x00\x00\x00',0.999918675276604,HIGH,3993.4,"[[0.0, 0.0, 48.323375261648536, -2.0285649403685966, 42.236200731546155, -2.0285649403685966, -0.3879975435896008, 14.452214452214287, 24.562391416324175, -0.14003500875218178, -0.2572620326198205, -4.5, -0.0015647369126522597, -0.0020557993150593164, 0.0006260329543747183, 0.0038313216807732073, 1.0, 9.217586749123145, -48.134635, 4.7473686811452716, 0.003798897255570287, 1.0, 0.0, -80.0, 0.0]]",0
37,2025-11-04 06:22:12.786354,PAXG/USDT,b'\x01\x00\x00\x00\x00\x00\x00\x00',0.9998465428631439,HIGH,3986.7,"[[0.0, 0.0, 47.104093285170265, -3.3768319493374293, 38.48360301691718, -3.3768319493374293, -1.2711754545064284, 16.351981351981536, 21.196581196581377, -0.19276987782896882, -0.46935463737362015, -9.700000000000273, -0.002752303562873764, -0.003499457276086293, 0.0010033360925075878, 0.005518348508791733, 1.0, 0.8767602122086854, -47.952363, 5.35838955005496, 0.0061004415605195456, 1.0, 0.0, 0.0, 0.0]]",0
38,2025-11-04 06:37:13.142556,PAXG/USDT,b'\x01\x00\x00\x00\x00\x00\x00\x00',0.9998465428631439,HIGH,3991.0,"[[0.0, 0.0, 48.06446439054764, -3.278812856476179, 42.91686438561945, -3.278812856476179, -0.979374135886085, 21.28205128205173, 19.199689199689445, -0.22001100055003553, -0.22250556263906374, -11.199999999999818, -0.0015862756566484147, -0.002359865792810851, 0.0020796792783763923, 0.004434978702079634, 1.0, 0.547955426855018, -46.157194, 5.40978897910206, 0.005965234285745539, 1.0, 0.0, 0.0, 0.0]]",0
39,2025-11-04 11:15:26.940021,PAXG/USDT,b'\x01\x00\x00\x00\x00\x00\x00\x00',0.9999075368754798,HIGH,3985.5,"[[0.0, 0.0, 47.00008988551507, -2.3026894959275523, 48.002922907745585, -2.3026894959275523, 1.3554055655516244, 70.08547008546955, 73.6858276073957, 0.057742518578041135, 0.02007679373603466, 9.599999999999909, -0.0001256129780973156, -0.0015787570607068355, 0.003788734161334816, 0.002082549240998666, 0.0, 0.0, 15.28967500000001, 5.66933341310318, 0.004322535208466981, 1.0, 0.0, 0.0, 100.0]]",0
40,2025-11-04 11:30:27.909502,PAXG/USDT,b'\x01\x00\x00\x00\x00\x00\x00\x00',0.9999031972737862,HIGH,3988.1,"[[0.0, 0.0, 47.69651844002352, -1.707827474120677, 50.67253615624574, -1.707827474120677, 1.529608067362683, 71.93732193732099, 73.12440645773906, 0.02508088585688739, 0.3497559257209071, 6.900000000000091, 0.0004248533749314197, -0.0009214713794805942, 0.004438203655876187, 0.0014292520247737703, 0.0, 0.0, 14.25173500000001, 5.509750414168212, 0.004634877839138844, 1.0, 0.0, 0.0, 100.0]]",0
41,2025-11-04 11:45:28.437371,PAXG/USDT,b'\x01\x00\x00\x00\x00\x00\x00\x00',0.9999075690653004,HIGH,3985.1,"[[0.0, 0.0, 46.94952600222852, -1.7904734178714534, 47.61346575178446, -1.7904734178714534, 1.1942923448781966, 67.52136752136673, 69.8005698005691, -0.07271815446339147, 0.18351852782945155, -0.7000000000002728, -0.00024193847461723405, -0.0015920739374888195, 0.0036887405585806676, 0.002183132167323348, 1.0, 0.02080030350962719, 12.668907000000003, 5.40506524022024, 0.004472722222742041, 1.0, 0.0, 0.0, 100.0]]",0
42,2025-11-04 12:00:30.004946,PAXG/USDT,b'\x01\x00\x00\x00\x00\x00\x00\x00',0.9998485634847796,HIGH,3981.6,"[[0.0, 0.0, 47.10471945858235, -2.185575921212603, 44.42110800708472, -2.185575921212603, 0.6911715267277221, 52.70655270655184, 60.92117758784345, -0.19551812302602833, 0.12321774335504188, 1.400000000000091, -0.000937554148348995, -0.002342430280514514, 0.002812939521800236, 0.0030640948362468034, 1.0, 0.04549225698893646, 11.28205900000001, 5.31996244882296, 0.004421504193300034, 1.0, 0.0, 0.0, 100.0]]",0
43,2025-11-04 12:15:29.708195,PAXG/USDT,b'\x01\x00\x00\x00\x00\x00\x00\x00',0.9998293887386639,HIGH,3979.9,"[[0.0, 0.0, 46.7435277014496, -2.3211884568249843, 42.75860113611665, -2.3211884568249843, 0.5826814982378172, 50.284900284899685, 60.1139601139594, -0.23813104727528067, 0.08046873035432167, -0.29999999999972715, -0.0013253907565489928, -0.0027517356811584386, 0.002386994648106736, 0.0034925500640719843, 1.0, 3.581318547130983, 2.222487000000008, 5.693295782156287, 0.0044771236948487215, 1.0, 0.0, 0.0, 0.0]]",0
44,2025-11-04 12:30:30.285707,PAXG/USDT,b'\x01\x00\x00\x00\x00\x00\x00\x00',0.9998577394648325,HIGH,3979.9,"[[0.0, 0.0, 46.12643915947748, -2.4679643267472784, 42.75039289439927, -2.4679643267472784, 0.3519483485380994, 42.450142450141875, 51.566951566950884, -0.14050934638062396, 0.02764652659092981, -2.900000000000091, -0.001205219237609449, -0.002653539764693812, 0.002386994648106736, 0.0034925500640719843, 1.0, 0.7418912008272777, 1.8720379999999928, 5.493576460803936, 0.00453819792107553, 1.0, 0.0, 0.0, 0.0]]",0
45,2025-11-04 12:45:30.878354,PAXG/USDT,b'\x01\x00\x00\x00\x00\x00\x00\x00',0.9998388132595727,HIGH,3969.8,"[[0.0, 0.0, 44.2622197250442, -3.8607066618728823, 34.2512751733209, -3.8607066618728823, -0.7757123876968977, 16.520078968212168, 29.628250444294622, -0.39142871480905006, -0.43389932532416076, -4.399999999999636, -0.0031468895038149294, -0.004824082024704953, 2.519018590366361e-05, 0.006045644616857272, 1.0, 0.5577437365073677, -2.3611200000000023, 5.475256302272021, 0.0056983091985646096, 1.0, 0.0, 0.0, 0.0]]",0
46,2025-11-04 13:00:31.315329,PAXG/USDT,b'\x01\x00\x00\x00\x00\x00\x00\x00',0.9998388132595727,HIGH,3966.2,"[[0.0, 0.0, 43.106295080403214, -4.800427798418696, 31.796518614692936, -4.800427798418696, -1.3411393577701696, 2.84900284900282, 16.38176638176631, -0.3767708228674782, -0.5466399197592842, -11.600000000000364, -0.003636525110098139, -0.0054893097312265614, 0.0, 0.006958801875851033, 1.0, 0.05388488612102577, -10.599005000000004, 5.433212444782263, 0.007107880974742919, 1.0, 0.0, 0.0, 0.0]]",0
47,2025-11-04 13:15:31.110835,PAXG/USDT,b'\x01\x00\x00\x00\x00\x00\x00\x00',0.9998388132595727,HIGH,3970.3,"[[0.0, 0.0, 43.43229548693398, -4.8444635653459045, 36.609695819898555, -4.8444635653459045, -1.14153644312504, 13.943355119826217, 13.127758225797658, -0.24121209075604888, -0.4787687371534566, -6.399999999999636, -0.0024261828225596426, -0.004316816616775038, 0.0017882779638819142, 0.005918948190313075, 1.0, 0.01246201853214652, 3.897052, 5.475158851982665, 0.007200754851362403, 1.0, 0.0, 0.0, 0.0]]",0
48,2025-11-04 13:16:56.392985,PAXG/USDT,b'\x01\x00\x00\x00\x00\x00\x00\x00',0.9998225048579794,HIGH,3970.8,"[[0.0, 0.0, 43.558634552569856, -4.804577525460445, 37.28942242110565, -4.804577525460445, -1.1096276112166725, 14.488017429194402, 13.309312328920386, -0.22864896102916532, -0.4662355241389693, -5.899999999999636, -0.002311947757768052, -0.004196321863822594, 0.0019139719955677352, 0.005792283670796816, 1.0, 0.015710396445539745, 3.9085710000000002, 5.5084921853159985, 0.007154545957447059, 1.0, 0.0, 0.0, 0.0]]",0
49,2025-11-04 13:31:57.440379,PAXG/USDT,b'\x01\x00\x00\x00\x00\x00\x00\x00',0.9998388132595727,HIGH,3972.1,"[[0.0, 0.0, 44.254969849497456, -4.80491928148831, 39.10513788043153, -4.80491928148831, -0.8907414713556054, 24.40087145969527, 16.054968996145735, -0.1959848237392925, -0.33621879312507597, -6.700000000000273, -0.0018093623150250582, -0.0037241572829271644, 0.0022406283829712473, 0.005463105158480469, 1.0, 0.009080420647100552, 6.867052999999995, 5.445142059805578, 0.007431390395186252, 1.0, 0.0, 0.0, 100.0]]",0
50,2025-11-04 13:46:57.961968,PAXG/USDT,b'\x01\x00\x00\x00\x00\x00\x00\x00',0.9998054888938647,HIGH,3976.1,"[[0.0, 0.0, 44.910818090280934, -4.266080978219179, 44.20956552185096, -4.266080978219179, -0.31764434952913234, 35.40305010893252, 25.889615105301626, 0.0931426845232064, -0.30089516311024855, -7.099999999999909, -0.00079135239082531, -0.0026486548862303012, 0.00324438520157946, 0.004451598299841622, 1.0, 1.0912306898484474, 14.568308999999998, 5.5309771611226655, 0.007276967292020469, 1.0, 0.0, 0.0, 100.0]]",0
51,2025-11-04 14:01:59.409949,PAXG/USDT,b'\x01\x00\x00\x00\x00\x00\x00\x00',0.9998999261280848,HIGH,3978.4,"[[0.0, 0.0, 45.653247473169465, -3.625912307831186, 46.933339565402676, -3.625912307831186, 0.22321110017028412, 49.18591694523477, 38.36335212626222, 0.2747321991178442, -0.17564108997841776, -8.699999999999818, -0.00025003550296795625, -0.0020164763486486626, 0.003820631409611973, 0.003870902875527873, 0.0, 0.0794671744041775, 16.389780999999992, 5.532301595288798, 0.006957332299464365, 1.0, 0.0, 0.0, 100.0]]",0
52,2025-11-04 14:17:00.738660,PAXG/USDT,b'\x01\x00\x00\x00\x00\x00\x00\x00',0.999901542353691,HIGH,3979.2,"[[0.0, 0.0, 45.652478897684645, -3.1200157444586694, 47.824166760235926, -3.1200157444586694, 0.5687020983972939, 58.08761163498476, 49.00574875129602, 0.25951775051020753, -0.05023610971566228, -8.800000000000182, -6.741117367093719e-05, -0.0017563167398572718, 0.0040209087253719345, 0.003669079211901981, 0.0, 0.0024721020926687814, 20.01984699999999, 5.63244801319751, 0.006556869750429482, 1.0, 0.0, 0.0, 100.0]]",0
53,2025-11-04 14:32:00.001580,PAXG/USDT,b'\x01\x00\x00\x00\x00\x00\x00\x00',0.9999021006206341,HIGH,3987.2,"[[0.0, 0.0, 47.3062370201048, -1.6248337386309686, 56.19763950670972, -1.6248337386309686, 1.5471191664654613, 81.9236056272111, 66.92491411664138, 0.40795769327623965, 0.18342169401239783, -2.200000000000273, 0.0015995872431942002, 0.00016186568538906367, 0.006019261637239166, 0.0016552969502408618, 0.0, 0.11088259695837746, 23.090652999999993, 5.882070462738418, 0.006691443657586797, 1.0, 0.0, 0.0, 100.0]]",0
54,2025-11-04 14:47:00.341159,PAXG/USDT,b'\x01\x00\x00\x00\x00\x00\x00\x00',0.9998928627514789,HIGH,3987.7,"[[0.0, 0.0, 47.634107695746465, -0.9688356586075315, 56.45760825603696, -0.9688356586075315, 1.7761400347625647, 89.36519691618194, 79.08713306192652, 0.3194968553459132, 0.1959848237392814, 2.199999999999818, 0.0015930865870622463, 0.00028664900269947404, 0.006143892469343231, 0.0015297038393059569, 0.0, 0.2738217793614987, 21.541385, 5.821307140526098, 0.006765420151709346, 1.0, 0.0, 0.0, 100.0]]",0
55,2025-11-04 15:02:00.771607,PAXG/USDT,b'\x01\x00\x00\x00\x00\x00\x00\x00',0.9998485199614878,HIGH,3991.5,"[[0.0, 0.0, 48.15959194799169, -0.028304511937221832, 59.99548627762892, -0.028304511937221832, 2.1637021365252687, 87.88998153047515, 84.79839266059184, 0.3191917160952906, 0.4808176417279153, 3.400000000000091, 0.002302922222057548, 0.0011830946099809744, 0.007090066391081093, 0.0005762244770136996, 1.0, 0.13527536407120047, 33.809628, 5.989795857034575, 0.007158296574754956, 1.0, 0.0, 0.0, 0.0]]",0
56,2025-11-04 15:17:01.309464,PAXG/USDT,b'\x01\x00\x00\x00\x00\x00\x00\x00',0.9998485199614878,HIGH,3988.4,"[[0.0, 0.0, 47.17338391213086, 0.23383224607687225, 57.105451284748376, 0.23383224607687225, 1.9777329232357814, 84.16945373467185, 85.1593979348837, 0.22364618670687175, 0.5267800882167606, 3.0, 0.0014501680542422482, 0.0004226531759516536, 0.006318323137097652, 0.0013539263865209334, 1.0, 0.0, 36.41357899999999, 5.634141183144717, 0.007061724837745079, 1.0, 0.0, 0.0, 100.0]]",0
57,2025-11-04 15:32:01.764400,PAXG/USDT,b'\x01\x00\x00\x00\x00\x00\x00\x00',0.9998561646626978,HIGH,3993.0,"[[0.0, 0.0, 47.81335660602126, 1.32354588689077, 61.09967633255615, 1.32354588689077, 2.384349833802008, 93.99528482921251, 89.2794812057378, 0.14546548956662075, 0.6072211443976849, 11.800000000000182, 0.002257666362263604, 0.0014711058093041796, 0.0074630603556223845, 0.00017530678687698926, 1.0, 0.03429141973460627, 55.366690999999996, 5.77289892574487, 0.00829807508898113, 1.0, 0.0, 0.0, 100.0]]",0
58,2025-11-04 15:47:02.571942,PAXG/USDT,b'\x01\x00\x00\x00\x00\x00\x00\x00',0.9998561646626978,HIGH,3993.7,"[[0.0, 0.0, 48.131126344633415, 1.8934586038458292, 61.821167610351594, 1.8934586038458292, 2.359864965780982, 99.34426229508203, 94.28599277494531, 0.19317611640741195, 0.5716444220599248, 13.799999999999727, 0.0022097347602007666, 0.0015920606474363911, 0.007637028319603376, 0.0, 1.0, 0.11004944712721793, 52.15749099999999, 5.652666224295074, 0.00892067384455618, 1.0, 0.0, 0.0, 100.0]]",0
59,2025-11-04 16:02:03.011695,PAXG/USDT,b'\x01\x00\x00\x00\x00\x00\x00\x00',0.9998561646626978,HIGH,3991.2,"[[0.0, 0.0, 48.16760173152099, 1.9590348710389662, 58.44924065846241, 1.9590348710389662, 1.969962454413366, 93.8797814207651, 94.8654592417958, 0.0727126846024495, 0.40754716981130645, 11.299999999999727, 0.0014903488904658457, 0.000959399357769928, 0.007015433954700341, 0.0006263780316696733, 1.0, 0.0, 48.94041999999999, 5.443339223102501, 0.009033864511347727, 1.0, 0.0, 0.0, 100.0]]",0
60,2025-11-04 16:17:03.500381,PAXG/USDT,b'\x01\x00\x00\x00\x00\x00\x00\x00',0.999912725335761,HIGH,3987.3,"[[0.0, 0.0, 47.28582205293187, 1.5695555192837674, 53.049963742230574, 1.5695555192837674, 1.3158452613725935, 82.84153005464552, 89.54462659380734, -0.027579981947645216, 0.21363225092991822, 14.900000000000091, 0.0005545289338720078, 2.9029548447894026e-05, 0.006044190304215977, 0.001605096180372592, 0.0, 0.012647981382171408, 37.21388899999999, 5.475100970630721, 0.00851374882718414, 1.0, 0.0, 0.0, 100.0]]",0
61,2025-11-04 16:32:03.788053,PAXG/USDT,b'\x01\x00\x00\x00\x00\x00\x00\x00',0.9999070611553945,HIGH,3986.7,"[[0.0, 0.0, 46.818511445634435, 1.4806033907711935, 52.16144753546836, 1.4806033907711935, 0.974950046856206, 77.51811804828941, 83.25285173558677, -0.1752760597941716, 0.18092725216736216, 19.199999999999818, 0.0003631980266813923, -0.00011551304856359225, 0.005894599543482078, 0.0017558381618882786, 0.0, 0.028526097781818586, 36.525253, 5.295139934877508, 0.007485121903041585, 1.0, 0.0, 0.0, 100.0]]",0
62,2025-11-04 16:47:04.243427,PAXG/USDT,b'\x01\x00\x00\x00\x00\x00\x00\x00',0.999896122878501,HIGH,3991.9,"[[0.0, 0.0, 47.65544323323028, 2.041289273923212, 58.26443580948224, 2.041289273923212, 1.175855579017107, 86.91296746654207, 84.0731090640521, -0.030051839422995386, 0.11787720706259996, 23.0, 0.0014331836465047022, 0.0011086060944255187, 0.0071895588566848545, 0.00045091309902545835, 1.0, 0.015404871129592558, 43.04378599999999, 5.339153029316784, 0.006602138353304181, 1.0, 0.0, 0.0, 100.0]]",0
63,2025-11-04 17:02:04.790105,PAXG/USDT,b'\x01\x00\x00\x00\x00\x00\x00\x00',0.9998980197846562,HIGH,3983.3,"[[0.0, 0.0, 47.35018465960548, 1.264365172032285, 47.28789955277057, 1.264365172032285, 0.3691536817979011, 71.11327983971722, 77.9402949463431, -0.19793545800760315, -0.06773707977921761, 12.300000000000182, -0.0005713265694237618, -0.0009613962807476807, 0.005046067331107465, 0.002610900509627604, 1.0, 0.28926896954685294, 44.487439999999985, 5.480017460193127, 0.00515614361429201, 1.0, 0.0, 0.0, 0.0]]",0
64,2025-11-04 17:17:05.094339,PAXG/USDT,b'\x01\x00\x00\x00\x00\x00\x00\x00',0.9998433022383262,HIGH,3991.1,"[[0.0, 0.0, 50.39006172369517, 1.8740962383221813, 56.872483521306705, 1.8740962383221813, 0.7110435477670545, 78.57234600858042, 79.66139657131292, 0.10534500489101095, 0.07020535065065392, 16.09999999999991, 0.001141308826947767, 0.0008999113468193944, 0.0069905539826113335, 0.0006514494750820348, 1.0, 0.03841121159268654, 58.539733, 5.471442848640446, 0.004094140825567177, 1.0, 0.0, 0.0, 0.0]]",0
65,2025-11-04 17:32:05.379505,PAXG/USDT,b'\x01\x00\x00\x00\x00\x00\x00\x00',0.9999075149479371,HIGH,3986.4,"[[0.0, 0.0, 48.59010338921117, 1.369739665396537, 50.6407822917064, 1.369739665396537, 0.21525359961779733, 63.99975091735453, 71.838336770134, -0.027586206896546006, -0.0501454217229913, 7.599999999999909, 4.2508305319114616e-05, -0.00024478473620995347, 0.005819787276740988, 0.001831226168974445, 1.0, 0.0057666308490137074, 52.14702199999998, 5.271972188144289, 0.0032555243153738695, 1.0, 0.0, 0.0, 100.0]]",0
66,2025-11-04 17:47:07.015286,PAXG/USDT,b'\x01\x00\x00\x00\x00\x00\x00\x00',0.999891972610511,HIGH,3990.5,"[[0.0, 0.0, 50.06287107116375, 1.720112404872907, 56.03742136640469, 1.720112404872907, 0.4131867451442417, 69.75597040252296, 70.9688994891445, -0.0050116520911025475, -0.08012619876304194, 11.0, 0.000905188026899127, 0.0007165398973731121, 0.006841247963914342, 0.0008019045232426558, 1.0, 0.01029296987720769, 56.72389899999998, 5.314909860954264, 0.002212313230282206, 1.0, 0.0, 0.0, 100.0]]",0
67,2025-11-04 18:02:07.320122,PAXG/USDT,b'\x01\x00\x00\x00\x00\x00\x00\x00',0.9998773715908104,HIGH,3989.6,"[[0.0, 0.0, 49.5569420419249, 1.5856799569423856, 54.715225525549336, 1.5856799569423856, 0.24890582840974984, 64.87867177522337, 67.0307982878154, 0.04764651302755496, -0.08765119831709578, 2.400000000000091, 0.0006549059548177702, 0.0004787747369549648, 0.006040705835171423, 0.0010276719470623393, 1.0, 0.03674067078653159, 52.76352999999998, 5.188646070653272, 0.0021313063792849454, 1.0, 0.0, 0.0, 100.0]]",0
68,2025-11-04 18:17:07.321361,PAXG/USDT,b'\x01\x00\x00\x00\x00\x00\x00\x00',0.9998766468515613,HIGH,3990.9,"[[0.0, 0.0, 49.90461626498301, 1.75890144287996, 56.378247972682836, 1.75890144287996, 0.323151061977224, 69.8005698005709, 67.6702368512719, 0.04763098520932374, -0.007516536380025585, 4.900000000000091, 0.0008647310419163859, 0.000753796684925678, 0.004735773885589739, 0.0007015961311984081, 1.0, 0.0, 53.45892199999997, 4.9544740868661075, 0.0020163638038178553, 1.0, 0.0, 0.0, 100.0]]",0
69,2025-11-04 18:32:07.917437,PAXG/USDT,b'\x01\x00\x00\x00\x00\x00\x00\x00',0.9998490825715267,HIGH,3989.9,"[[0.0, 0.0, 49.63099500382915, 1.6516939381776865, 54.71960164071267, 1.6516939381776865, 0.18758173789436206, 70.37037037037226, 68.63477093362259, 0.06269749711591555, 0.07524643206502368, 1.599999999999909, 0.0005787377842418622, 0.0004758486899443713, 0.004436201408556674, 0.000952404822175926, 1.0, 0.0, 52.68564399999998, 4.743333469901669, 0.0019619008764272332, 1.0, 0.0, 0.0, 100.0]]",0
70,2025-11-04 18:47:08.400965,PAXG/USDT,b'\x01\x00\x00\x00\x00\x00\x00\x00',0.9998429241158102,HIGH,3990.6,"[[0.0, 0.0, 49.50663774023711, 1.7842844422534654, 55.156339182068336, 1.7842844422534654, 0.23357506292985564, 74.92877492877662, 72.55460588794084, 0.022558087074209254, 0.07774294670845894, 2.199999999999818, 0.0006461489897784747, 0.0005950331382973903, 0.0036335388162181126, 0.000776825540019022, 1.0, 0.007170100562783256, 56.171759999999985, 4.705966862853303, 0.002009125539211621, 1.0, 0.0, 0.0, 100.0]]",0
71,2025-11-04 19:02:08.785227,PAXG/USDT,b'\x01\x00\x00\x00\x00\x00\x00\x00',0.9995693510154223,HIGH,3990.9,"[[0.0, 0.0, 49.003922791528446, 1.790942532830286, 55.66400940425045, 1.790942532830286, 0.1904814244196984, 78.6324786324809, 76.73314339981228, 0.05515581517787638, 0.005011652091124752, -2.799999999999727, 0.0006493947352373473, 0.0006313729638319196, 0.002931669548222274, 0.0007015961311984081, 1.0, 0.0, 51.40554599999998, 4.411236295529091, 0.0017746181713942642, 1.0, 0.0, 0.0, 100.0]]",0
72,2025-11-04 19:17:09.302762,PAXG/USDT,b'\x01\x00\x00\x00\x00\x00\x00\x00',0.9998726071438601,HIGH,3988.5,"[[0.0, 0.0, 48.54565976356979, 1.4180765025780602, 51.505337504510265, 1.4180765025780602, -0.11390834085814738, 63.3941633941645, 70.32417032417204, -0.060136811245581345, 0.02006168969581612, -4.599999999999909, 9.295246052979477e-05, 4.4390504759726014e-05, 0.001629685345367933, 0.0013037482762943006, 1.0, 0.0, 51.14917499999997, 4.298093072550811, 0.0015175004940424321, 1.0, 0.0, 0.0, 100.0]]",0
73,2025-11-04 19:32:10.071875,PAXG/USDT,b'\x01\x00\x00\x00\x00\x00\x00\x00',0.9998696234023934,HIGH,3983.9,"[[0.0, 0.0, 47.31467681516169, 0.6826500496267727, 44.49782496243189, 0.6826500496267727, -0.6339267957910102, 33.53353353353395, 52.8374528374538, -0.15037970876462525, -0.12785159187765904, -7.299999999999727, -0.0008938286825937179, -0.0010422477944499785, 0.0004769196013956402, 0.002459901101935221, 1.0, 0.3277039665044177, 45.75961299999998, 4.460484912305304, 0.002150739220111346, 1.0, 0.0, 0.0, 0.0]]",0
74,2025-11-04 19:47:11.081195,PAXG/USDT,b'\x01\x00\x00\x00\x00\x00\x00\x00',0.9998696234023934,HIGH,3985.0,"[[0.0, 0.0, 47.273575582287066, 0.3307222389266826, 46.81836501585532, 0.3307222389266826, -0.7722577382592255, 28.796488796489527, 38.91044891044962, -0.17034921589258456, -0.06018959723128603, -1.900000000000091, -0.0005390925893044836, -0.0007358795765596978, 0.0012296110414052926, 0.0021831869510664536, 1.0, 0.1860793421354942, 44.56230199999998, 4.541481291060003, 0.002454573196824733, 1.0, 0.0, 0.0, 100.0]]",0
75,2025-11-04 20:02:12.600124,PAXG/USDT,b'\x01\x00\x00\x00\x00\x00\x00\x00',0.9998554777059295,HIGH,3979.9,"[[0.0, 0.0, 46.56201039380923, -0.5323550166617679, 39.22521041090491, -0.5323550166617679, -1.2562859145710488, 12.008547008548552, 21.76651009984441, -0.27562705154225986, -0.24563250369701306, -7.599999999999909, -0.0015704196519806173, -0.001912912681257499, 0.00030151511344513, 0.003467423804618138, 1.0, 0.028568273463968723, 43.60725199999998, 4.504611546377752, 0.0036158357477641075, 1.0, 0.0, 0.0, 0.0]]",0
76,2025-11-04 20:17:13.215837,PAXG/USDT,b'\x01\x00\x00\x00\x00\x00\x00\x00',0.9998745997510889,HIGH,3987.4,"[[0.0, 0.0, 47.889853861769495, 0.0639268322006501, 51.08163976241068, 0.0639268322006501, -0.6131421812767288, 40.96509971510034, 29.084822001489346, -0.027579290460066908, -0.032592072605097666, -3.299999999999727, 0.00014171651827388454, -0.0001086184571518073, 0.002181872899633915, 0.0015799769273209929, 0.0, 0.15364473050931238, 44.796968999999976, 4.6622890022984285, 0.002907502346524805, 1.0, 0.0, 0.0, 0.0]]",0
77,2025-11-04 20:32:14.023331,PAXG/USDT,b'\x01\x00\x00\x00\x00\x00\x00\x00',0.9998564706857165,HIGH,3979.1,"[[0.0, 0.0, 45.74699697295338, -1.166747131815555, 41.59683284281877, -1.166747131815555, -1.3469589637561854, 22.31598687294827, 23.630495149482545, -0.15056083912574625, -0.2956726552907907, -8.599999999999909, -0.0015591859227287515, -0.0020180070170523635, 0.0004523635998089335, 0.0036691714206729936, 1.0, 0.21434253466374975, 37.052344999999974, 5.113280539816623, 0.004381676058210818, 1.0, 0.0, 0.0, 0.0]]",0
78,2025-11-04 20:47:15.212946,PAXG/USDT,b'\x01\x00\x00\x00\x00\x00\x00\x00',0.9998470670773505,HIGH,3974.8,"[[0.0, 0.0, 43.825599109372064, -2.1064365878705757, 36.706801220277086, -2.1064365878705757, -1.7733919389620572, 11.958146487294613, 19.09398302522371, -0.20086371397006753, -0.37845560039098114, -14.199999999999818, -0.002309963254561961, -0.002943549304684237, 0.0010063399416322834, 0.004604005232967627, 1.0, 0.0, 34.41977299999998, 5.17726812989217, 0.0056759292384211376, 1.0, 0.0, 0.0, 100.0]]",0
79,2025-11-04 21:02:16.134078,PAXG/USDT,b'\x01\x00\x00\x00\x00\x00\x00\x00',0.9999067725743944,HIGH,3965.0,"[[0.0, 0.0, 42.179975538384745, -3.5465717903625773, 29.087139680662492, -3.5465717903625773, -2.5261159184486717, 8.651365789357719, 13.933441113627007, -0.40190906807334725, -0.6713763214589941, -22.40000000000009, -0.0042657632572508245, -0.0051598040114652815, 0.0, 0.007087011349306408, 1.0, 1.74888125830382, 30.77647799999998, 5.588915824503237, 0.007914315163263727, 1.0, 0.0, -80.0, 0.0]]",0
80,2025-11-04 21:17:16.709645,PAXG/USDT,b'\x01\x00\x00\x00\x00\x00\x00\x00',0.9998465428631439,HIGH,3970.8,"[[0.0, 0.0, 42.8606685769229, -3.595379355559544, 33.27837493602913, -3.595379355559544, -2.1344869454898037, 22.292545710267813, 16.468467957087313, -0.39882609677175385, -0.5036457941817618, -18.899999999999636, -0.0026745579490121095, -0.0036162162466175972, 0.002342097310365715, 0.005615996776468149, 1.0, 0.0, 22.19803299999998, 5.434527728933014, 0.0076310934590983195, 1.0, 0.0, 0.0, 100.0]]",0
81,2025-11-04 21:32:17.500737,PAXG/USDT,b'\x01\x00\x00\x00\x00\x00\x00\x00',0.9997475448058536,HIGH,3948.0,"[[0.0, 0.0, 38.51596922942862, -6.937172401881526, 20.555130188672123, -6.937172401881526, -4.141288723553327, 9.810126582278698, 13.58467936063474, -0.7416719044626041, -1.0154193305754067, -40.69999999999982, -0.007253420757128268, -0.008802737918638533, 0.0, 0.01142350557244172, 1.0, 4.346566679235764, 1.5698209999999957, 6.999140506931675, 0.013266925601917823, 1.0, 0.0, 0.0, 0.0]]",0
82,2025-11-04 21:47:18.762016,PAXG/USDT,b'\x01\x00\x00\x00\x00\x00\x00\x00',0.9997505607831277,HIGH,3936.3,"[[0.0, 0.0, 37.63917578633724, -10.219377366144272, 21.15342457601289, -10.219377366144272, -5.7353905247924315, 6.339468302658549, 10.225667929325825, -0.9686021938210776, -1.224561491556042, -54.59999999999991, -0.008945284732502095, -0.01113592127975685, 0.002133983690267533, 0.014429794477046903, 1.0, 0.008959482719460654, -11.70121300000002, 8.076905583467765, 0.018720383329697658, 1.0, 0.0, 0.0, 0.0]]",0
83,2025-11-04 22:02:19.946731,PAXG/USDT,b'\x01\x00\x00\x00\x00\x00\x00\x00',0.999859982772939,HIGH,3951.8,"[[0.0, 0.0, 41.857575214976876, -9.249941012028103, 36.26337785079998, -9.249941012028103, -4.058652937115015, 28.56455733297666, 18.85836430440345, -0.4910230906756019, -0.7783468916340297, -38.09999999999991, -0.004984175266578189, -0.007145843974342481, 0.006047876916848042, 0.010450933751708013, 1.0, 0.10745892957558059, -5.688413000000007, 8.979970497639963, 0.017104621945589125, 1.0, 0.0, 0.0, 0.0]]",0
84,2025-11-04 22:17:20.985690,PAXG/USDT,b'\x01\x00\x00\x00\x00\x00\x00\x00',0.999859982772939,HIGH,3946.2,"[[0.0, 0.0, 40.97438798268318, -10.431986457020685, 34.4395328277414, -10.431986457020685, -4.110376696909603, 32.84263058797024, 24.72924564885022, -0.6195225143547978, -0.8741522230595322, -45.600000000000364, -0.0056817381261146035, -0.008163796306001204, 0.004637372662307974, 0.011884851249303151, 1.0, 0.11826507349231787, -8.316812000000013, 8.920156014946963, 0.018049240143504567, 1.0, 0.0, 0.0, 100.0]]",0
85,2025-11-04 22:32:21.872855,PAXG/USDT,b'\x01\x00\x00\x00\x00\x00\x00\x00',0.9998686589333451,HIGH,3949.3,"[[0.0, 0.0, 40.1948650061541, -10.395187394444747, 36.64097105041586, -10.395187394444747, -3.2985236352333605, 31.715772947218927, 30.463636653581332, -0.06579113843973028, -0.9381192464945842, -41.59999999999991, -0.004521381036390879, -0.007126812019567727, 0.005418681791709946, 0.011090573012938932, 1.0, 0.007495943046909931, -10.886671000000003, 8.660482683814529, 0.017497790636908248, 1.0, 0.0, 0.0, 100.0]]",0
86,2025-11-04 22:47:22.398579,PAXG/USDT,b'\x01\x00\x00\x00\x00\x00\x00\x00',0.9998767461227508,HIGH,3958.6,"[[0.0, 0.0, 41.97441197094469, -8.897507520348427, 43.2744836933032, -8.897507520348427, -1.6086893342260193, 46.457435886672904, 39.84930029836673, 0.6790610137592523, -0.47517284726587006, -29.90000000000009, -0.0022497904270650376, -0.0047132186580113936, 0.007755267013590618, 0.008715202344263123, 1.0, 0.017967460124579133, -10.565768000000013, 9.20751459552223, 0.016069624586805484, 2.0, 0.0, 0.0, 100.0]]",0
87,2025-11-04 23:02:23.600004,PAXG/USDT,b'\x01\x00\x00\x00\x00\x00\x00\x00',0.9998559662947497,HIGH,3954.5,"[[0.0, 0.0, 42.788982235674276, -8.952355268063911, 41.46216692249958, -8.952355268063911, -1.2941064997597014, 48.04297599871271, 43.80008549963757, -0.025281253950193427, -0.5107175203783898, -30.59999999999991, -0.0029210311881688934, -0.005475333818294045, 0.006726514097863171, 0.009761031735996942, 1.0, 0.004824545416070251, 1.7251969999999839, 8.937496339089405, 0.015484646976412346, 2.0, 0.0, 0.0, 100.0]]",0
88,2025-11-04 23:17:25.101202,PAXG/USDT,b'\x01\x00\x00\x00\x00\x00\x00\x00',0.9998933614605426,HIGH,3964.7,"[[0.0, 0.0, 43.87460608088656, -7.6040948822919745, 47.47462868731445, -7.6040948822919745, -0.01585246724241074, 52.58525852585236, 49.303584306496276, 0.4917243302156926, -0.16619243069021516, -18.100000000000364, -0.00041326124400453554, -0.0028345610889126344, 0.009281912881176314, 0.007163215375690491, 0.0, 0.09007969135637157, -1.689172000000016, 8.92508951038298, 0.014473844091242192, 2.0, 0.0, 0.0, 0.0]]",0
89,2025-11-04 23:32:25.370571,PAXG/USDT,b'\x01\x00\x00\x00\x00\x00\x00\x00',0.9998953681605237,HIGH,3967.0,"[[0.0, 0.0, 45.511806650788145, -6.404208372007361, 48.74613857993953, -6.404208372007361, 0.912642515619102, 60.34103410341033, 54.976554889193174, 0.4481806902489005, -0.09569859977838213, -14.0, 9.74063023977863e-05, -0.0021829251303925185, 0.009856314595412127, 0.0063271993950087995, 0.0, 0.03487027472031321, 0.2013049999999863, 8.715915576295561, 0.013723983652553713, 2.0, 0.0, 0.0, 100.0]]",0
90,2025-11-04 23:47:26.599618,PAXG/USDT,b'\x01\x00\x00\x00\x00\x00\x00\x00',0.9998701308466019,HIGH,3961.2,"[[0.0, 0.0, 44.678924412616624, -6.207922527464689, 45.67661989348291, -6.207922527464689, 0.9263820722421716, 63.15383491474148, 58.60170001375136, -0.027761653585045565, 0.23532984134213564, -25.5, -0.0011763532555461682, -0.0034671166394010236, 0.008406543471675182, 0.007472483085933648, 1.0, 0.257279956505057, 12.681216999999984, 8.631670138632872, 0.011870996007269218, 1.0, 0.0, 0.0, 100.0]]",0
91,2025-11-05 00:02:27.757926,PAXG/USDT,b'\x01\x00\x00\x00\x00\x00\x00\x00',0.9998640710341306,HIGH,3963.1,"[[0.0, 0.0, 45.557205169295585, -5.54627107412216, 46.733382394389345, -5.54627107412216, 1.2517376462498362, 68.41693226291646, 63.72773108800552, 0.1921375300214967, 0.7935094992242986, -14.400000000000091, -0.0006651694265383037, -0.0028860543885630132, 0.008881935858292705, 0.006989477933940671, 1.0, 0.43356076688692485, 29.298305000000006, 8.316360057154396, 0.010961570627993777, 1.0, 0.0, 0.0, 100.0]]",0
92,2025-11-05 00:17:28.050683,PAXG/USDT,b'\x01\x00\x00\x00\x00\x00\x00\x00',0.9998701308466019,HIGH,3958.0,"[[0.0, 0.0, 44.30416266381434, -5.767582053937531, 43.90481622588649, -5.767582053937531, 0.8879394475599192, 67.19902286135674, 65.37759440582687, -0.027784092344218525, 0.06320313487548912, -16.800000000000182, -0.0016722133189751036, -0.003965977716350829, 0.007604850934815541, 0.007705912076806468, 1.0, 0.058715446923119495, -14.385474000000027, 8.167329924981761, 0.010000593391532366, 1.0, 0.0, 0.0, 100.0]]",0
93,2025-11-05 00:32:29.448781,PAXG/USDT,b'\x01\x00\x00\x00\x00\x00\x00\x00',0.9998614546606515,HIGH,3955.2,"[[0.0, 0.0, 43.47473372985732, -6.046357984314909, 42.705811071038, -6.046357984314909, 0.5424240189261527, 61.65191740412964, 63.54356812893662, -0.3049933203942312, 0.2509314880997593, -16.100000000000364, -0.0020774221986885476, -0.004453733955301924, 0.0069023058252426495, 0.008419296116504901, 1.0, 0.05035276932743051, -30.810329000000014, 8.027521977748924, 0.00930407462730849, 1.0, 0.0, 0.0, 100.0]]",0
94,2025-11-05 00:47:31.528488,PAXG/USDT,b'\x01\x00\x00\x00\x00\x00\x00\x00',0.9998614546606515,HIGH,3956.9,"[[0.0, 0.0, 43.79310600359731, -5.778396804309978, 43.98422971897738, -5.778396804309978, 0.6443087349262981, 63.12164014670321, 63.081322280956044, -0.17659375867201677, 0.19243916643456593, -13.900000000000091, -0.00150722126962483, -0.003873456953053297, 0.007328969647956734, 0.007986049685359728, 1.0, 0.5451779311325622, -23.426622000000016, 7.9539859230948995, 0.008438497290879329, 1.0, 0.0, 0.0, 0.0]]",0
95,2025-11-05 01:02:32.324036,PAXG/USDT,b'\x01\x00\x00\x00\x00\x00\x00\x00',0.999859982772939,HIGH,3948.5,"[[0.0, 0.0, 42.00122287229852, -6.708549593950465, 39.20496030817163, -6.708549593950465, -0.1222341184997715, 50.451343899099435, 56.262779211118016, -0.3583415348121233, -0.3482825631577646, -3.400000000000091, -0.0031256442080562193, -0.005681250159469691, 0.005217171077624391, 0.010130429276940611, 1.0, 0.2654455952324121, -44.52033600000001, 7.902727218771575, 0.00870892497364195, 1.0, 0.0, 0.0, 100.0]]",0
96,2025-11-05 01:17:33.095052,PAXG/USDT,b'\x01\x00\x00\x00\x00\x00\x00\x00',0.999859982772939,HIGH,3944.6,"[[0.0, 0.0, 41.789622617893315, -7.3929867838141945, 37.270796446771584, -7.3929867838141945, -0.595678961901176, 28.2513679250473, 43.756424497256496, -0.34359052094385945, -0.2755656680571428, 12.699999999999818, -0.0036568899431863593, -0.006372267231190374, 0.0042336358566140595, 0.008746133955280637, 1.0, 0.0, -59.70482300000002, 7.674429150919019, 0.0071795665308819106, 1.0, 0.0, 0.0, 100.0]]",0
97,2025-11-05 01:32:34.403705,PAXG/USDT,b'\x01\x00\x00\x00\x00\x00\x00\x00',0.999859982772939,HIGH,3942.9,"[[0.0, 0.0, 41.456307291568486, -7.848409546826588, 36.467044028227036, -7.848409546826588, -0.8171144747775587, 16.579000200763492, 30.97787849597205, -0.2782063279293867, -0.4091839054330526, -12.599999999999909, -0.0036787323257292527, -0.006525009213200261, 0.0038043064749296203, 0.007659337036191589, 1.0, 0.04817683768043983, -124.92597800000001, 7.580819227758201, 0.007972335404271665, 1.0, 0.0, 0.0, 100.0]]",0
98,2025-11-05 01:47:34.759893,PAXG/USDT,b'\x01\x00\x00\x00\x00\x00\x00\x00',0.9997505607831277,HIGH,3933.2,"[[0.0, 0.0, 40.38345316643438, -9.460950287782453, 32.67727708791746, -9.460950287782453, -1.8010941339287125, 13.735551631389034, 20.321301257448532, -0.5662857720699743, -0.8595266302019122, -12.100000000000364, -0.005345035790292954, -0.008519452444517787, 0.0018559951184785233, 0.010144411674972056, 1.0, 0.40513340466793846, -158.45385000000002, 8.540418848229308, 0.010544576773217205, 1.0, 0.0, 0.0, 0.0]]",0
99,2025-11-05 02:02:35.049399,PAXG/USDT,b'\x01\x00\x00\x00\x00\x00\x00\x00',0.9997505607831277,HIGH,3930.5,"[[0.0, 0.0, 40.19408901539286, -10.183020369838687, 31.16942674917719, -10.183020369838687, -2.006576147282342, 13.225058004640331, 14.640254777901054, -0.45839031555487963, -0.8426045056636133, -18.800000000000182, -0.005468349721151199, -0.008838608498431986, 0.0011703345630326698, 0.010838315735911439, 1.0, 0.12107695680137663, -147.510591, 8.28465181897547, 0.012000305673270532, 1.0, 0.0, 0.0, 0.0]]",0
100,2025-11-05 02:17:35.694245,PAXG/USDT,b'\x01\x00\x00\x00\x00\x00\x00\x00',0.9997505607831277,HIGH,3935.1,"[[0.0, 0.0, 40.38327115184891, -9.994006598923534, 34.53662842952536, -9.994006598923534, -1.4988488898486665, 18.638824439288097, 15.973206563388885, -0.24083557268164135, -0.6964948141418681, -27.200000000000273, -0.0039917879823464005, -0.007416220672155392, 0.002337932962313491, 0.008614774719829252, 1.0, 0.1388884569879281, -124.25936700000003, 8.151671213747385, 0.011901434936727726, 1.0, 0.0, 0.0, 100.0]]",0
101,2025-11-05 02:32:36.573884,PAXG/USDT,b'\x01\x00\x00\x00\x00\x00\x00\x00',0.9997505607831277,HIGH,3936.4,"[[0.0, 0.0, 40.90815431139318, -9.642782324877771, 36.54061669660476, -9.642782324877771, -0.9622714221161743, 24.361948955916176, 20.59809229182751, -0.16232119306076598, -0.5507553938658871, -19.09999999999991, -0.003403880792373891, -0.0068416305177800806, 0.0026674118483893915, 0.008281678691189896, 1.0, 0.010249095322568288, -120.89686300000002, 8.004820958431015, 0.012012404580583141, 1.0, 0.0, 0.0, 0.0]]",0
102,2025-11-05 02:47:38.348026,PAXG/USDT,b'\x01\x00\x00\x00\x00\x00\x00\x00',0.9997825991464101,HIGH,3930.6,"[[0.0, 0.0, 40.467759265550384, -10.296982446529455, 33.685265544695625, -10.296982446529455, -1.2179427573413513, 17.26891760424331, 19.49696067602102, -0.030520372348552538, -0.5892915855231551, -28.5, -0.004310456328258608, -0.007918122169055691, 0.0011957461965093924, 0.009769500839566502, 1.0, 0.061827526161706337, -122.22119500000001, 7.756038019689743, 0.0128881977169839, 1.0, 0.0, 0.0, 100.0]]",0
103,2025-11-05 03:02:39.196887,PAXG/USDT,b'\x01\x00\x00\x00\x00\x00\x00\x00',0.9998150196272829,HIGH,3933.0,"[[0.0, 0.0, 40.91506309483242, -10.046152796533534, 35.982333708678276, -10.046152796533534, -0.7914314929750734, 14.826537957991674, 17.729419113869344, 0.012714558169113488, -0.5713418950348825, -34.30000000000018, -0.0033984114561516066, -0.00703664513565231, 0.0018052377320111643, 0.009153318077803204, 1.0, 0.02675703131965313, -103.65717700000002, 7.516774983580733, 0.011857814038963188, 1.0, 0.0, 0.0, 0.0]]",0
104,2025-11-05 03:17:40.490673,PAXG/USDT,b'\x01\x00\x00\x00\x00\x00\x00\x00',0.9997505607831277,HIGH,3927.7,"[[0.0, 0.0, 40.18366464209493, -10.503853381484532, 32.84188171983358, -10.503853381484532, -0.9462345303743973, 9.195052716950148, 12.982675171190948, -0.16521783335875506, -0.5293015245909971, -36.20000000000027, -0.0042268071519438975, -0.008002454943040187, 0.00045828347378866187, 0.010515059704152604, 1.0, 0.019298950214967255, -113.401647, 7.505125454787706, 0.011528606918765132, 1.0, 0.0, 0.0, 0.0]]",0
105,2025-11-05 04:06:08.119854,PAXG/USDT,b'\x01\x00\x00\x00\x00\x00\x00\x00',0.999779387082067,HIGH,3928.7,"[[0.0, 0.0, 39.838067433893144, -9.041623236459145, 36.167203408215414, -9.041623236459145, 0.28011623816130715, 23.007359261708785, 22.706390396104776, -0.08646779074794608, -0.0788442952337487, -25.200000000000273, -0.0033466613244796935, -0.007013382290080222, 0.0007127039478707275, 0.010257846106854731, 1.0, 0.09086319099527565, -105.92680500000002, 7.512670236941266, 0.00768033561487905, 1.0, 0.0, 0.0, 0.0]]",0
106,2025-11-05 04:21:09.521269,PAXG/USDT,b'\x01\x00\x00\x00\x00\x00\x00\x00',0.9997739034828331,HIGH,3928.5,"[[0.0, 0.0, 40.06612896092173, -8.979091761249492, 36.06053632137855, -8.979091761249492, 0.275847757730979, 15.0944992474569, 21.17665902939534, -0.010180966682793446, -0.10171646535283019, -27.09999999999991, -0.003085292280689151, -0.006770430847907147, 0.0006618302150947968, 0.00980017818505791, 1.0, 0.135152024958133, -119.415919, 7.268686347835518, 0.006036923517465613, 1.0, 0.0, 0.0, 100.0]]",0
107,2025-11-05 04:36:12.517789,PAXG/USDT,b'\x01\x00\x00\x00\x00\x00\x00\x00',0.9997505607831277,HIGH,3923.9,"[[0.0, 0.0, 39.17154137324878, -9.212479572007851, 33.37990342028155, -9.212479572007851, 0.03896908233744156, 6.732887663506577, 15.010237634235516, -0.21361544134476107, -0.26180672055309273, -24.699999999999818, -0.003857022549845998, -0.007607732375678105, 0.0, 0.010295879099875147, 1.0, 0.2360277053377942, -140.47799, 7.429794758245269, 0.0054663132858030206, 1.0, 0.0, 0.0, 0.0]]",0
108,2025-11-05 04:51:14.386920,PAXG/USDT,b'\x01\x00\x00\x00\x00\x00\x00\x00',0.9997713654019806,HIGH,3925.8,"[[0.0, 0.0, 40.09708786778437, -9.081830802505465, 35.3153141391602, -9.081830802505465, 0.12807117247683664, 8.843618980728452, 10.701286394817439, -0.28448056896113183, -0.32498857462042174, -18.799999999999727, -0.0030772065389195443, -0.006839100092801212, 0.0005603953334352928, 0.009806918335116408, 1.0, 0.2552303102937767, -143.43920400000002, 7.133124201193862, 0.004800131784870092, 1.0, 0.0, 0.0, 0.0]]",0
109,2025-11-05 05:06:15.435693,PAXG/USDT,b'\x01\x00\x00\x00\x00\x00\x00\x00',0.9997738500619446,HIGH,3930.6,"[[0.0, 0.0, 41.363123073996924, -8.265677478675116, 40.29385939967098, -8.265677478675116, 0.7010783257605944, 25.634219358465952, 16.439933529410457, -0.09912314144110423, 0.0, -12.200000000000273, -0.0017755499540947984, -0.005431179733536766, 0.0017808985905459727, 0.007123594362183891, 1.0, 0.3675340548368746, -119.09254700000002, 7.82465778456104, 0.0035532144456310645, 1.0, 0.0, 0.0, 100.0]]",0
110,2025-11-05 05:21:15.864514,PAXG/USDT,b'\x01\x00\x00\x00\x00\x00\x00\x00',0.9998360092128029,HIGH,3933.1,"[[0.0, 0.0, 42.19640661159777, -7.3113426559207255, 43.08346614119122, -7.3113426559207255, 1.2647688176226062, 52.05729960377954, 34.14661393114192, 0.11709303805522708, 0.025431703161160613, 1.2999999999997272, -0.0011314132495478433, -0.004643429930619112, 0.0024153975235819075, 0.006483435458035646, 1.0, 0.004208770975977462, -118.52023100000001, 7.67970334117063, 0.0036616175288289926, 1.0, 0.0, 0.0, 0.0]]",0
111,2025-11-05 05:36:16.310797,PAXG/USDT,b'\x01\x00\x00\x00\x00\x00\x00\x00',0.99981910159387,HIGH,3934.2,"[[0.0, 0.0, 42.22661518511105, -6.618679270272878, 43.93230164777959, -6.618679270272878, 1.5530266090257534, 63.725490196078425, 50.66841481748057, 0.15784114052952436, 0.1348978085469188, 1.699999999999818, -0.000793517112403698, -0.00419230507677948, 0.0026943215901580777, 0.005998678257333223, 1.0, 0.36763511936690096, -116.28156800000002, 7.3703254833357095, 0.0037274472950305964, 1.0, 100.0, 0.0, 100.0]]",0
112,2025-11-05 05:51:16.998037,PAXG/USDT,b'\x01\x00\x00\x00\x00\x00\x00\x00',0.9998490384154893,HIGH,3929.1,"[[0.0, 0.0, 41.792253372365145, -6.740004186837268, 40.151806952086424, -6.740004186837268, 1.2005578903205816, 43.13725490196078, 50.62040705746904, 0.12231480773641223, -0.08137731098848411, -5.099999999999909, -0.0018049195628895532, -0.0052155085556165074, 0.001399811661703698, 0.005293833193352214, 1.0, 0.04314490382729394, -125.43984200000001, 7.257195668793889, 0.003734453369455169, 1.0, 0.0, 0.0, 0.0]]",0
113,2025-11-05 06:06:17.660189,PAXG/USDT,b'\x01\x00\x00\x00\x00\x00\x00\x00',0.9998650141426096,HIGH,3932.7,"[[0.0, 0.0, 42.138269825882126, -6.301227665316674, 44.473758276277664, -6.301227665316674, 1.3332354317941792, 37.05882352941194, 43.85620915032701, 0.0712486322807182, -0.10922021844044227, -5.900000000000091, -0.000771630460667907, -0.0041090702800092305, 0.002313931904289651, 0.003458183944872572, 1.0, 0.42025344488714117, -124.05266000000002, 7.458537814186695, 0.003335234012778466, 1.0, 0.0, 0.0, 0.0]]",0
114,2025-11-05 06:21:18.701880,PAXG/USDT,b'\x01\x00\x00\x00\x00\x00\x00\x00',0.9997981284642579,HIGH,3930.7,"[[0.0, 0.0, 41.991650077699234, -6.15398990984022, 42.6570883862999, -6.15398990984022, 1.2287605136632207, 31.96078431372585, 33.856209150327196, -0.11181418515412433, -0.09658152242979501, 0.09999999999990905, -0.0010879571635237027, -0.004388194868429493, 0.001806294044317783, 0.0031037728648841867, 1.0, 0.15229166575293812, -123.335246, 7.16071751390401, 0.003333223500739449, 1.0, 0.0, 0.0, 0.0]]",0
115,2025-11-05 06:36:18.905306,PAXG/USDT,b'\x01\x00\x00\x00\x00\x00\x00\x00',0.9997967352026828,HIGH,3928.4,"[[0.0, 0.0, 41.34491355226845, -5.951826154570881, 40.640210210871345, -5.951826154570881, 1.148778214481598, 33.333333333334224, 31.503267973856964, -0.1423487544483959, -0.0025455008272889934, -3.699999999999818, -0.0015121576802920352, -0.004760538543922893, 0.0012218714998473124, 0.003105590062111755, 1.0, 0.07054789365247133, -123.08164099999999, 6.817440195488413, 0.0033629580328783447, 1.0, 0.0, 0.0, 0.0]]",0
116,2025-11-05 06:51:19.496471,PAXG/USDT,b'\x01\x00\x00\x00\x00\x00\x00\x00',0.9997964957897613,HIGH,3927.3,"[[0.0, 0.0, 42.54783199732934, -5.5968834257923845, 40.01390731530886, -5.5968834257923845, 1.161815898103498, 35.88235294117772, 35.49019607843237, -0.06107336437894961, -0.01782077393074344, -1.599999999999909, -0.0016940499113837259, -0.004858725593132964, 0.0009421230871082608, 0.0033865505563618076, 1.0, 0.23244268773789858, -85.62116799999993, 6.78254317924756, 0.0034053085616259885, 1.0, 0.0, 0.0, 0.0]]",0
117,2025-11-05 07:06:20.101689,PAXG/USDT,b'\x01\x00\x00\x00\x00\x00\x00\x00',0.9998753984796781,HIGH,3934.3,"[[0.0, 0.0, 43.36465697877294, -4.707985195973379, 47.26653660987563, -4.707985195973379, 1.6039745429945764, 49.60784313725615, 43.59477124183113, 0.17823950296640412, 0.2548225161175255, 2.0, 1.4567275950330298e-05, -0.002988051733413006, 0.00271967058943148, 0.0016013013750857145, 0.0, 0.05320993499108706, -106.53375000000001, 6.830362819706919, 0.0033894414351136946, 1.0, 0.0, 100.0, 0.0]]",0
118,2025-11-05 07:21:20.550007,PAXG/USDT,b'\x01\x00\x00\x00\x00\x00\x00\x00',0.9998730319688632,HIGH,3934.0,"[[0.0, 0.0, 42.99336910878232, -4.2308682784164375, 46.990902384631475, -4.2308682784164375, 1.6789965701559435, 52.54901960784438, 47.32026143790975, 0.12471049349724872, 0.10432835441105404, -3.0, -3.503075145038754e-05, -0.002926773789039316, 0.002643619725470282, 0.0016776817488561029, 0.0, 0.19185977271862753, -104.703787, 6.615719039386077, 0.0030201569903534056, 1.0, 0.0, 0.0, 0.0]]",0
119,2025-11-05 07:36:20.698331,PAXG/USDT,b'\x01\x00\x00\x00\x00\x00\x00\x00',0.9998390225218294,HIGH,3930.1,"[[0.0, 0.0, 42.167602520744126, -4.241731156631431, 42.9547589196742, -4.241731156631431, 1.3733216541551263, 46.274509803922285, 46.86274509804027, -0.005088670076081048, -0.12706157403877816, -4.400000000000091, -0.000870129314751918, -0.0037258573517557464, 0.0016539019363374977, 0.0026716877433144194, 1.0, 0.32635659404087103, -112.44062, 6.494258041866787, 0.0026656515375018397, 1.0, 0.0, 0.0, 0.0]]",0
120,2025-11-05 07:51:21.409579,PAXG/USDT,b'\x01\x00\x00\x00\x00\x00\x00\x00',0.9997686167425167,HIGH,3926.3,"[[0.0, 0.0, 41.75929976850889, -4.594278219000898, 39.90138403898571, -4.594278219000898, 0.8739734113033268, 25.510518253668682, 36.76809927815619, -0.13226503878925877, -0.1957295373665402, -2.199999999999818, -0.0015750905808084603, -0.004457505006632525, 0.0008659552250210353, 0.003642105799353011, 1.0, 1.5384743941796106, -108.605518, 7.006031769098786, 0.0030290996835483195, 1.0, 0.0, 0.0, 0.0]]",0
121,2025-11-05 08:06:23.635614,PAXG/USDT,b'\x01\x00\x00\x00\x00\x00\x00\x00',0.9998852566267649,HIGH,3932.3,"[[0.0, 0.0, 43.48642922869054, -3.7252755221493317, 46.93748418426686, -3.7252755221493317, 1.3248976370313397, 38.87265406844613, 37.55992558722335, 0.05088670076076607, 0.0661628114105417, 4.300000000000182, -0.00015829829286112396, -0.0028698892514891945, 0.0023904585102866235, 0.0021107240037636314, 0.0, 0.9977779885090767, -98.537442, 6.936120878035632, 0.002909749502403731, 1.0, 0.0, 0.0, 0.0]]",0
122,2025-11-05 08:21:24.928209,PAXG/USDT,b'\x01\x00\x00\x00\x00\x00\x00\x00',0.9998607063594972,HIGH,3935.7,"[[0.0, 0.0, 45.34369985592209, -2.877047734638836, 50.49129969374042, -2.877047734638836, 1.6981171466218026, 71.95379037018195, 50.78149854966055, 0.06101746624971316, 0.21388740355969826, 11.399999999999636, 0.0005767498946050725, -0.001958867688402279, 0.0032522804075513193, 0.0012450135935157891, 0.0, 1.5019895410296413, -72.04128099999997, 6.828288332972319, 0.0029020664256198523, 1.0, 0.0, 0.0, 0.0]]",0
123,2025-11-05 08:36:25.361711,PAXG/USDT,b'\x01\x00\x00\x00\x00\x00\x00\x00',0.9998906276656824,HIGH,3937.5,"[[0.0, 0.0, 45.1434334223593, -2.095491141331422, 52.213144852814985, -2.095491141331422, 1.9564128112548254, 85.21477379390929, 67.16166817480082, 0.16535232765200192, 0.2137894174238486, 7.599999999999909, 0.0008938599712882332, -0.001468215597267557, 0.0037079365079364848, 0.0007873015873015642, 0.0, 1.0351029240022476, -78.66284700000001, 6.825820117880352, 0.003482512892959732, 1.0, 0.0, 0.0, 100.0]]",0
124,2025-11-05 08:51:26.714042,PAXG/USDT,b'\x01\x00\x00\x00\x00\x00\x00\x00',0.9998492665861554,HIGH,3931.1,"[[0.0, 0.0, 43.349498945936304, -2.0627279371924487, 45.50306320477904, -2.0627279371924487, 1.5811736339740259, 76.9891765394173, 77.72896836119598, 0.1401059710617547, 0.020354680304301986, -4.0, -0.0006811705363807893, -0.0029833837105681625, 0.002085930146778209, 0.002416626389560174, 1.0, 0.13520824319063937, -68.92818300000002, 6.912606754895392, 0.0034681349459821376, 1.0, 0.0, 0.0, 0.0]]",0
125,2025-11-05 09:06:27.532521,PAXG/USDT,b'\x01\x00\x00\x00\x00\x00\x00\x00',0.9998051574858864,HIGH,3930.0,"[[0.0, 0.0, 43.75874870077689, -2.2676850707284757, 44.797837194543604, -2.2676850707284757, 1.1247629439547433, 55.42635658914683, 71.05925248323375, -0.04323829386778666, -0.038153376573824005, -4.0, -0.0008315698427932165, -0.003120660069992486, 0.0018066157760814017, 0.0026972010178116816, 1.0, 0.20392101221676004, -66.940498, 6.799198264157913, 0.0034914928571290393, 1.0, 0.0, 0.0, 0.0]]",0
126,2025-11-05 09:21:28.842770,PAXG/USDT,b'\x01\x00\x00\x00\x00\x00\x00\x00',0.9997918223007914,HIGH,3931.8,"[[0.0, 0.0, 44.044644738031465, -1.8322773444879203, 46.88521996772559, -1.8322773444879203, 1.1844276819962474, 52.519379844961634, 63.51835600409523, -0.09147735935355339, 0.038165025570569, 2.100000000000364, -0.0004428978392342926, -0.002617306377838522, 0.0022635942825169363, 0.002238160638893058, 1.0, 0.12565231511798367, -69.08622799999999, 6.9379937877890425, 0.00353871470328387, 1.0, 0.0, 0.0, 0.0]]",0
127,2025-11-05 09:36:28.447577,PAXG/USDT,b'\x01\x00\x00\x00\x00\x00\x00\x00',0.9998967870358947,HIGH,3936.9,"[[0.0, 0.0, 45.00749963557611, -1.338465574204747, 51.81014773463515, -1.338465574204747, 1.334695591520382, 68.60465116279161, 62.33850129199006, -0.025394245663934445, 0.09152619937455864, 9.599999999999909, 0.0007654795783690405, -0.0012855661786093876, 0.0035560974370697756, 0.0009398257512255373, 0.0, 0.8854829234491982, -69.44366200000002, 6.864343290475053, 0.0035251273976174076, 1.0, 0.0, 0.0, 0.0]]",0
128,2025-11-05 09:51:30.596534,PAXG/USDT,b'\x01\x00\x00\x00\x00\x00\x00\x00',0.9998740804700269,HIGH,3941.8,"[[0.0, 0.0, 47.191487534277535, -0.40938506346128634, 55.96475179968577, -0.40938506346128634, 1.7739986353270552, 78.40317031543168, 67.40241436509528, 0.09141232034941549, 0.2747392520987102, 12.700000000000273, 0.0017711268031477814, -8.65637615002354e-05, 0.004794763813486248, 0.00030442944847526967, 0.0, 0.3962261064234494, -61.45324600000001, 6.949319958101136, 0.004316968202155948, 1.0, 0.0, 0.0, 100.0]]",0
129,2025-11-05 10:06:30.964358,PAXG/USDT,b'\x01\x00\x00\x00\x00\x00\x00\x00',0.9998561646626978,HIGH,3948.9,"[[0.0, 0.0, 48.33842942073864, 0.8304876960378351, 61.26257709581119, 0.8304876960378351, 2.3874758009893013, 92.04629567323865, 79.76400432118025, 0.5039321982133416, 0.5935398410434223, 18.59999999999991, 0.003211517309778018, 0.0015904420206526526, 0.006584112031198562, 0.0, 1.0, 0.11010359484421121, -60.76106500000001, 7.066373961786862, 0.005878056643215978, 1.0, 0.0, 0.0, 0.0]]",0
130,2025-11-05 10:21:32.988026,PAXG/USDT,b'\x01\x00\x00\x00\x00\x00\x00\x00',0.9998561646626978,HIGH,3951.6,"[[0.0, 0.0, 49.00467724580222, 1.9755260567567348, 63.05447653405074, 1.9755260567567348, 2.808687535165864, 96.53679653679642, 88.50436960450224, 0.424407227629664, 0.5061423811582699, 20.09999999999991, 0.0035145192339841517, 0.0021531186531863586, 0.007262880858386431, 0.0, 1.0, 0.0020420275602170954, -58.45861300000002, 6.849477550912929, 0.007313654911089175, 1.0, 0.0, 0.0, 0.0]]",0
131,2025-11-05 10:36:35.760508,PAXG/USDT,b'\x01\x00\x00\x00\x00\x00\x00\x00',0.9998561646626978,HIGH,3951.9,"[[0.0, 0.0, 48.81638620803657, 2.675087703421468, 63.123589046069974, 2.675087703421468, 2.8311097376474623, 97.79326364692207, 94.72320650129308, 0.4984360298044388, 0.4192712303704882, 21.59999999999991, 0.003303229132670974, 0.0021326195780694145, 0.007338242364432299, 0.0, 1.0, 0.008254568263625644, -63.45362600000001, 6.603806485580176, 0.007883642426722163, 1.0, 0.0, 0.0, 0.0]]",0
132,2025-11-05 10:51:38.057353,PAXG/USDT,b'\x01\x00\x00\x00\x00\x00\x00\x00',0.9998624398385557,HIGH,3958.9,"[[0.0, 0.0, 49.772309312831794, 3.956285064082749, 67.59897300535391, 3.956285064082749, 3.271924026861481, 97.29991662951134, 96.40179184546828, 0.48989745151792885, 0.53327915894259, 25.59999999999991, 0.0045869291418520735, 0.003718190262306014, 0.009093435045088282, 7.577862537566676e-05, 1.0, 0.015369786779107436, -72.06886100000001, 6.656209102228104, 0.009563202680341753, 1.0, 0.0, 0.0, 0.0]]",0
133,2025-11-05 11:06:38.924647,PAXG/USDT,b'\x01\x00\x00\x00\x00\x00\x00\x00',0.9998624398385557,HIGH,3956.8,"[[0.0, 0.0, 48.82677144800663, 4.531498094816925, 66.34663071009533, 4.531498094816925, 3.103361527251316, 95.37442157763098, 96.10712075822335, 0.3347195455928764, 0.4722969884719097, 25.800000000000182, 0.0037284098607706147, 0.0030707440011355784, 0.008567529316619513, 0.000606550748079164, 1.0, 0.0, -72.47909500000002, 6.212192824091689, 0.009967352590527554, 1.0, 0.0, 0.0, 100.0]]",0
134,2025-11-05 11:21:39.964203,PAXG/USDT,b'\x01\x00\x00\x00\x00\x00\x00\x00',0.9999057799899818,HIGH,3955.8,"[[0.0, 0.0, 48.455081791497804, 5.056120120737432, 64.19269146442812, 5.056120120737432, 2.885824557404414, 93.01456119638023, 94.95415104084357, 0.14176497392537346, 0.6795449339543458, 30.200000000000273, 0.003132726220158792, 0.002683896792510442, 0.008316901764497722, 0.0008594974467869043, 1.0, 0.3221725922990714, -72.45429700000003, 6.179125834101695, 0.009806205923034817, 1.0, 100.0, 0.0, 100.0]]",0
135,2025-11-05 11:36:41.892795,PAXG/USDT,b'\x01\x00\x00\x00\x00\x00\x00\x00',0.9999013948110953,HIGH,3960.5,"[[0.0, 0.0, 49.214394872120366, 5.796101094671485, 68.31561210461061, 5.796101094671485, 2.881191590573733, 96.22232201707958, 95.74279489363249, 0.273438488999167, 0.6505883249891875, 28.800000000000182, 0.0039005358179983324, 0.003702034259853611, 0.009493750789041765, 0.00012624668602449185, 1.0, 0.27406346117924013, -74.43025700000001, 6.0274804440204415, 0.010310705978205156, 1.0, 0.0, 0.0, 0.0]]",0
136,2025-11-05 11:51:42.696673,PAXG/USDT,b'\x01\x00\x00\x00\x00\x00\x00\x00',0.9999013948110953,HIGH,3961.9,"[[0.0, 0.0, 49.842634869350995, 6.475814312950661, 68.45091102870634, 6.475814312950661, 2.8178153536343764, 95.46807359307401, 95.32459333595743, 0.21753977689524806, 0.7527401266434364, 26.5, 0.0038187793528570296, 0.003875017951486965, 0.009843761831444508, 0.000429087054191125, 1.0, 0.2654233820844846, -69.67480700000002, 5.847646532692789, 0.010975580695246293, 1.0, 0.0, 0.0, 0.0]]",0
137,2025-11-05 12:06:43.111809,PAXG/USDT,b'\x01\x00\x00\x00\x00\x00\x00\x00',0.9999013948110953,HIGH,3960.8,"[[0.0, 0.0, 49.2192665947972, 6.752306419803972, 66.72700161993973, 6.752306419803972, 2.463950180531736, 95.56529275808957, 95.92231193733534, 0.10109179134654145, 0.5381256980404148, 22.90000000000009, 0.0032004661222535162, 0.0034427217368986104, 0.009568773985053547, 0.0007574227428802262, 1.0, 0.15462262950111158, -77.00542400000003, 5.788966201241324, 0.011257670933074901, 1.0, 0.0, -100.0, 0.0]]",0
138,2025-11-05 12:21:44.062135,PAXG/USDT,b'\x01\x00\x00\x00\x00\x00\x00\x00',0.9999013948110953,HIGH,3966.2,"[[0.0, 0.0, 50.59617854485307, 7.433217830012836, 71.95882859210366, 7.433217830012836, 2.4811962451830736, 98.77107943845216, 97.6700774899928, 0.20717534108134483, 0.5730804341210982, 28.0, 0.004096638302891422, 0.004593500148786404, 0.010917250768997966, 0.0, 1.0, 0.10349571879973163, -72.96633900000002, 5.709679099422103, 0.011868353570238098, 1.0, 0.0, 100.0, 0.0]]",0
139,2025-11-05 12:36:46.206513,PAXG/USDT,b'\x01\x00\x00\x00\x00\x00\x00\x00',0.9999057799899818,HIGH,3965.0,"[[0.0, 0.0, 50.685228363638515, 7.740873186140561, 68.20888614297034, 7.740873186140561, 2.2054412969388553, 94.01090236652799, 96.4499007844422, 0.1971090670170872, 0.3746645739456378, 35.90000000000009, 0.003407024817306522, 0.004095474689745411, 0.010617906683480432, 0.001235813366960931, 1.0, 1.504962793266957, -71.71200200000003, 5.766330953235652, 0.010990737549852449, 1.0, 0.0, 0.0, 0.0]]",0
140,2025-11-05 12:51:47.859542,PAXG/USDT,b'\x01\x00\x00\x00\x00\x00\x00\x00',0.9998973599309618,HIGH,3957.1,"[[0.0, 0.0, 49.06056291400673, 6.98406629718329, 57.81115461840777, 6.98406629718329, 1.1916176035886306, 80.6138835525719, 89.91306595709348, -0.14383769052186413, 0.18735600172166134, 22.199999999999818, 0.0013341288325760055, 0.002025482244298094, 0.007252786131257694, 0.003234692072477365, 1.0, 0.16807183954620647, -58.271937999999984, 5.989490129103664, 0.00967011565166283, 1.0, 0.0, 0.0, 0.0]]",0
141,2025-11-05 13:06:48.258440,PAXG/USDT,b'\x01\x00\x00\x00\x00\x00\x00\x00',0.9998798615032608,HIGH,3955.6,"[[0.0, 0.0, 48.67061797787666, 6.298978634372816, 56.09786023890314, 6.298978634372816, 0.4162683878058093, 65.0884664646251, 78.89645329996743, -0.1791707674060561, 0.05817924265802965, 23.299999999999727, 0.0008865471968710703, 0.001578643534752487, 0.006876327232278243, 0.0036151279199110584, 1.0, 1.0611648983840496, -70.171408, 5.824201363370756, 0.0075795100452174784, 1.0, 0.0, 0.0, 0.0]]",0
142,2025-11-05 13:21:48.827217,PAXG/USDT,b'\x01\x00\x00\x00\x00\x00\x00\x00',0.9998944707082186,HIGH,3960.0,"[[0.0, 0.0, 50.34966553673645, 6.1529572905728855, 60.20701377646519, 6.1529572905728855, 0.2045464666725012, 60.21530864501057, 68.70719989488958, -0.08578493212898497, 0.08087343307723316, 20.40000000000009, 0.0017989069476372233, 0.0025633257928893826, 0.007979797979797957, 0.002500000000000023, 1.0, 0.5098591532348551, -54.34736499999997, 5.7559709965262, 0.00618078638987726, 1.0, 0.0, 0.0, 0.0]]",0
143,2025-11-05 13:36:49.309592,PAXG/USDT,b'\x01\x00\x00\x00\x00\x00\x00\x00',0.9998973599309618,HIGH,3964.6,"[[0.0, 1.0, 51.7915867328399, 6.28395482909491, 63.92434553211118, 6.28395482909491, 0.26871856079355627, 64.4208051042196, 63.62181503456545, -0.08820342229278744, 0.16675088428499407, 21.0, 0.0026904182353039317, 0.0035583375126969257, 0.00913080764768194, 0.0013368309539424361, 1.0, 0.5005658122142094, -22.88702799999993, 5.964109825668188, 0.0051746266074006895, 1.0, 0.0, 0.0, 0.0]]",0
144,2025-11-05 13:49:04.474875,PAXG/USDT,b'\x01\x00\x00\x00\x00\x00\x00\x00',0.9998700141772255,HIGH,3962.9,"[[0.0, 1.0, 51.17835609062833, 6.227161746253387, 61.16053683059379, 6.227161746253387, 0.16112816468928948, 69.75255002834966, 65.30701007303463, 0.0126186149808305, 0.14404124128171159, 12.700000000000273, 0.0020356308849957087, 0.0029706754776586733, 0.008705745792222866, 0.0017663832042191323, 1.0, 0.0031980526456107973, -29.512196999999993, 5.745963434759663, 0.0047752536142509384, 1.0, 0.0, 0.0, 100.0]]",0
145,2025-11-05 14:04:05.559418,PAXG/USDT,b'\x01\x00\x00\x00\x00\x00\x00\x00',0.999872814287339,HIGH,3959.2,"[[0.0, 0.0, 50.08078401089904, 5.648795422951935, 56.72797341330064, 5.648795422951935, -0.30740518948601725, 56.00092421082798, 62.899371554335715, 0.07583034224760699, -0.09084485717170132, 9.5, 0.0010375301494974323, 0.0019402142630683748, 0.007198423924025056, 0.0027025661749849146, 1.0, 0.008411651680079733, -47.619288, 5.601588852739494, 0.0038953701101169975, 1.0, 0.0, 0.0, 100.0]]",0
146,2025-11-05 14:27:20.863557,PAXG/USDT,2,0.6,MEDIUM,3959.1,{},0
147,2025-11-05 14:42:22.160731,PAXG/USDT,2,0.6,MEDIUM,3961.6,{},0
148,2025-11-06 22:50:09.509395,PAXG/USDT,1,0.5,MEDIUM,3973.4,{},0
149,2025-11-06 22:52:39.110830,PAXG/USDT,0,0.6,MEDIUM,3974.7,{},0
150,2025-11-06 22:59:58.532794,PAXG/USDT,0,0.6,MEDIUM,3977.2,{},0
151,2025-11-06 23:02:22.954897,PAXG/USDT,0,0.6,MEDIUM,3977.2,{},0
152,2025-11-06 23:13:13.862016,PAXG/USDT,b'\x01\x00\x00\x00\x00\x00\x00\x00',0.9998136127315262,HIGH,3977.2,"[[0.0, 0.0, 47.168971066592555, -6.6166958624498875, 34.11915219837781, -6.6166958624498875, -3.7272637219522298, 15.23809523809472, 15.129119534405525, -0.2608085063697474, -0.8673978065802612, -32.600000000000364, -0.003907047119359404, -0.004219185142846708, 0.0020868953032283336, 0.01013275671326566, 1.0, 0.0, -23.558841, 6.026520282006893, 0.014361160815723998, 2.0, 0.0, 0.0, 100.0]]",0
153,2025-11-06 23:16:09.994956,PAXG/USDT,b'\x01\x00\x00\x00\x00\x00\x00\x00',0.999826608229374,HIGH,3975.7,"[[0.0, 0.0, 45.931392983084976, -7.154920999353635, 33.243761343841655, -7.154920999353635, -3.3920722668726597, 16.043956043955458, 15.340670098378823, -0.0653545484252116, -0.8751371297496813, -31.300000000000182, -0.0038639752745014623, -0.00440020707402125, 0.0017103906230348687, 0.010513871771008924, 1.0, 0.0, -25.557696999999997, 5.717494867725518, 0.014737821311409754, 2.0, 0.0, 0.0, 100.0]]",0
